Endpoint,Representation,Feature,Full-data coefficient,Cross-validation mean,Cross-validation SD,Cross-validation minimum,Cross-validation maximum,Folds with consistent sign,Sign consistency
HIC,Global,vh_hydrophobic,0.13070239482353377,0.1313790767877326,0.018909182898193194,0.10353208988052717,0.15155452798572738,5,1.0
HIC,Global,vl_glycine,0.1057118105527449,0.10156137968133087,0.03663706982250623,0.037872370903850115,0.13128930318857704,5,1.0
HIC,Global,vh_polar,0.10131767883351897,0.1010151303562042,0.008841295764103793,0.08859136612334044,0.11198817404929128,5,1.0
HIC,Global,vh_charge,-0.07085188209957691,-0.06993919735574271,0.01749038769935995,-0.08195077578400733,-0.03946840020013378,5,1.0
HIC,Global,vh_aromatic,0.06953491529121712,0.06921542651347341,0.0064294628882481065,0.05884620937575664,0.07388459181869857,5,1.0
HIC,Global,vl_hydrophobic,0.06768311719071939,0.06335629943557523,0.021886514534181997,0.031394664569952,0.07986339411290445,5,1.0
HIC,Global,vl_aromatic,0.055198295314338695,0.056865467113579184,0.01905778684435856,0.0340374497734081,0.07712110769972332,5,1.0
HIC,Global,vl_charge,-0.05334771209237357,-0.05168633732779533,0.005497108486015515,-0.05890292154694573,-0.044081802674076735,5,1.0
HIC,Global,vh_proline,0.051571393099814684,0.05188391939840799,0.00841189954428197,0.04269542512692765,0.06193645670343473,5,1.0
HIC,Global,vl_polar,0.04670556234561425,0.04222489538597387,0.011267179242872804,0.031667237730115705,0.058454650534581966,5,1.0
HIC,Global,vh_glycine,0.04242174984207838,0.0395685701036942,0.011742615036331863,0.027280722955157342,0.05420989458897402,5,1.0
HIC,Global,vl_proline,0.03885590581211816,0.03926076774740224,0.013974338262396501,0.02011716787305871,0.05800107854188204,5,1.0
HIC,Global,vh_length,0.03507032369834655,0.03562022674237711,0.014123728954104695,0.023408800041419753,0.05841280296798748,5,1.0
HIC,Global,vl_length,0.025573411543380827,0.02287799987544065,0.014280867832577317,0.007437261481433145,0.040142375304914206,5,1.0
HIC,Global,vl_cysteine,0.024029373828326962,0.022729615132103764,0.0315317023942713,-0.03203187176438267,0.04575229167555324,4,0.8
HIC,Region,vh_CDR2_hydrophobic,0.14772417830080092,0.15021596671693202,0.04664038308125479,0.09359536140962232,0.20020499053987284,5,1.0
HIC,Region,vl_CDR3_aromatic,0.12986993479170839,0.1338872381367593,0.044218746309452106,0.05863663199071331,0.17221908029288732,5,1.0
HIC,Region,vl_FR1_length,-0.09822208778158464,-0.08755723562207121,0.05364609254229221,-0.1431615878199014,-0.020689107620229952,5,1.0
HIC,Region,vh_CDR2_aromatic,0.08876676861702146,0.09282305107581432,0.010088222708160533,0.08491970592644024,0.10782550791342406,5,1.0
HIC,Region,vh_FR1_glycine,0.08860612658726716,0.07620569604738948,0.06784796701215398,-0.03406322617575775,0.1360609127042986,4,0.8
HIC,Region,vl_FR3_aromatic,0.08850799681244208,0.08182523352634855,0.025032641756176574,0.04776677204473744,0.11374116245288983,5,1.0
HIC,Region,vh_FR4_charge,-0.08752852470621424,-0.08274412803327957,0.02797845374539,-0.12557547991767729,-0.05148247238336252,5,1.0
HIC,Region,vh_CDR1_hydrophobic,0.08569820794639228,0.09097914804837537,0.016867147089149367,0.0756037286517984,0.11628417735362523,5,1.0
HIC,Region,vl_FR3_glycine,0.08234063669300476,0.0884631325857577,0.02725033731315155,0.06219126037210422,0.13437494059811578,5,1.0
HIC,Region,vh_CDR3_hydrophobic,0.08041157778970452,0.08569139623129769,0.01877295947241454,0.05608821863374235,0.10337469648453632,5,1.0
HIC,Region,vh_CDR3_aromatic,0.07963298618797332,0.07233578933419227,0.012741746667031238,0.05441543504101112,0.08587628996593646,5,1.0
HIC,Region,vh_CDR3_charge,-0.07744435827736176,-0.07847519650438667,0.016183804330077455,-0.08855372715231467,-0.04977415716554352,5,1.0
HIC,Region,vh_FR3_hydrophobic,0.07174194203452434,0.0804335910751063,0.01079987134476251,0.06700081067033165,0.09233318684125892,5,1.0
HIC,Region,vl_FR1_proline,0.07089638295827687,0.07254921948635004,0.03955798267684439,0.011167305803530059,0.11307740606779293,5,1.0
HIC,Region,vl_CDR2_glycine,0.06598778985199062,0.062048135711220684,0.003955430933023927,0.057145471054560915,0.06562279248204005,5,1.0
HIC,Structure,surface_hydrophobicity,0.13307666748003802,0.13275738926663114,0.022217247334406692,0.10672856272019009,0.16421201729949308,5,1.0
HIC,Structure,surface_aromaticity,0.0593732411995781,0.059843874540075045,0.009612146724248621,0.04917058701347934,0.07239377160188931,5,1.0
HIC,Structure,surface_charge,-0.03997811711549475,-0.03994339522372351,0.009181087427459688,-0.05355043358185185,-0.03237692765988054,5,1.0
HIC,Structure,surface_polarity,0.038548156037127315,0.03821947059339638,0.013018584763379413,0.027021624103266688,0.05900452213880928,5,1.0
HIC,Structure,total_sasa,0.017658582498119052,0.01714616124490586,0.011960242210752798,-2.3853091515146152e-05,0.030563226854683278,4,0.8
AC-SINS,Global,vh_charge,3.404453830325177,3.4126334952539907,0.2816376333440285,2.925899072529913,3.645313370560643,5,1.0
AC-SINS,Global,vl_glycine,1.8304695793127554,1.8028368896022884,0.3881389866360306,1.3126692734888878,2.2862002083039883,5,1.0
AC-SINS,Global,vl_hydrophobic,1.61139776552612,1.6057879499325955,0.5361079243669246,1.017867299668777,2.4858989529933253,5,1.0
AC-SINS,Global,vl_charge,1.5981137531742389,1.5233271859943072,0.46562749763006905,0.7848354811062359,2.0238766462761415,5,1.0
AC-SINS,Global,vl_polar,1.1523103857258339,1.2176875620327627,0.7504305021652692,0.6137701438219296,2.475588016194758,5,1.0
AC-SINS,Global,vh_proline,-0.9798608975413322,-0.9552590134038141,0.30591145196131336,-1.36613909971804,-0.5818449897346765,5,1.0
AC-SINS,Global,vh_length,-0.8353891370965617,-0.8365840657518697,0.49286208167804985,-1.2892196232580524,-0.17869049163367018,5,1.0
AC-SINS,Global,vh_glycine,0.6446668237395344,0.6553315074164551,0.33249954726140635,0.3703489016896125,1.1934257440821978,5,1.0
AC-SINS,Global,vh_aromatic,0.5352244727488051,0.5081184065051415,0.2943742289734118,0.16230267197316925,0.9075413617498651,5,1.0
AC-SINS,Global,vh_polar,0.5302354282546928,0.5122618560689347,0.5353529780082129,0.017271647412749228,1.3644714164320928,5,1.0
AC-SINS,Global,vl_aromatic,-0.4978606797812424,-0.4380526442257657,0.2435007854198445,-0.6995001855255372,-0.12820316740941587,5,1.0
AC-SINS,Global,vl_proline,0.38291573052218886,0.410608600110859,0.4485852626782558,-0.27267874886709526,0.9117178226820337,4,0.8
AC-SINS,Global,vh_hydrophobic,-0.3345920685796199,-0.301902593093229,0.4589029662015584,-0.7794669258679969,0.16377472808838686,3,0.6
AC-SINS,Global,vl_length,-0.30414262727185754,-0.29808942027835605,0.5823399574402789,-0.9044187205213389,0.6035672135541649,4,0.8
AC-SINS,Global,vh_cysteine,-0.29480330794426546,-0.260286008797585,0.17457514459703632,-0.43009874768999357,-0.07108336658427308,5,1.0
AC-SINS,Region,vh_FR4_hydrophobic,-3.2991549509750824,-2.0649901443400562,1.3387896713226954,-3.6861940639947153,0.03714258262633225,4,0.8
AC-SINS,Region,vh_FR4_polar,-2.8768140836435583,-1.6099888250267447,0.9997395343983169,-2.7814412523257097,-0.13050343217077176,5,1.0
AC-SINS,Region,vl_FR1_length,2.6642560234166934,1.461343147760701,1.8129874199956317,-0.6783933000455131,3.487068026487857,3,0.6
AC-SINS,Region,vh_CDR3_charge,2.4662180573807237,2.4540464039408953,0.5059749002639524,1.777746227933702,2.9518651778007134,5,1.0
AC-SINS,Region,vh_CDR2_charge,2.34244622791313,2.3127834728231944,0.524716959664379,1.5525043602083477,2.8288811242761884,5,1.0
AC-SINS,Region,vh_FR2_proline,-2.075270398055264,-2.0755185308681146,1.2594457978971716,-3.3934008174159174,-0.3895985079807521,5,1.0
AC-SINS,Region,vl_CDR3_charge,2.0654790830507403,2.0945195035990336,0.8006389134813391,1.2679648503101533,2.9775507654875404,5,1.0
AC-SINS,Region,vl_CDR1_charge,1.8938265024970322,2.0444618171770106,0.9212710421542137,0.4149861528014823,2.6207289799428604,5,1.0
AC-SINS,Region,vl_FR4_glycine,1.868787823880293,2.150878106085386,1.1524309747128625,0.9280512222479418,3.7972981949094766,5,1.0
AC-SINS,Region,vh_FR1_polar,-1.596778529733921,-1.3841399907566347,1.773069110158453,-2.9826798397839114,1.6399440932963205,4,0.8
AC-SINS,Region,vl_FR1_proline,1.506475411898715,1.1649237851485634,1.112508963742967,0.11859766688654816,2.632555938664176,5,1.0
AC-SINS,Region,vh_FR3_charge,1.4732248731730864,1.5357881226111245,0.6014333408696286,0.7137466564267158,2.1291294230296844,5,1.0
AC-SINS,Region,vh_FR4_glycine,1.3804149018172562,1.135862143355529,0.689006408119566,0.0,1.783360632652063,4,0.8
AC-SINS,Region,vh_FR4_proline,-1.3667306775938817,-0.8988041577144786,0.47653657116751186,-1.6096451362068593,-0.37955225097932443,5,1.0
AC-SINS,Region,vl_FR1_glycine,1.2872118308377016,0.7875274468160488,2.396068471036812,-2.4434590600492156,4.157105662159248,3,0.6
AC-SINS,Structure,surface_charge,3.104510966025275,3.1104636938512793,0.311667624538138,2.6942882548569567,3.3921603561365448,5,1.0
AC-SINS,Structure,surface_hydrophobicity,0.7812721444483138,0.7388964481596129,0.4718684045904758,0.19487041474675348,1.4532222658764176,5,1.0
AC-SINS,Structure,surface_aromaticity,0.47093088245985726,0.5124109139445594,0.16425449757186578,0.35455544525137095,0.7543887292118586,5,1.0
AC-SINS,Structure,total_sasa,-0.0567198612438722,-0.0863044044831721,0.49002492311079593,-0.6928376457695591,0.46069760084945816,3,0.6
AC-SINS,Structure,surface_polarity,-0.03947433621329243,-0.019859225542516196,0.29818067946514687,-0.325078492683049,0.38489158087751035,3,0.6
