Endpoint,Representation,Feature,Coefficient,CV mean,CV SD,CV min,CV max,Same sign (n/5),Sign consistency (%)
HIC,Global,vh_hydrophobic,0.131,0.131,0.019,0.104,0.152,5,100%
HIC,Global,vl_glycine,0.106,0.102,0.037,0.038,0.131,5,100%
HIC,Global,vh_polar,0.101,0.101,0.009,0.089,0.112,5,100%
HIC,Global,vh_charge,-0.071,-0.07,0.017,-0.082,-0.039,5,100%
HIC,Global,vh_aromatic,0.07,0.069,0.006,0.059,0.074,5,100%
HIC,Global,vl_hydrophobic,0.068,0.063,0.022,0.031,0.08,5,100%
HIC,Global,vl_aromatic,0.055,0.057,0.019,0.034,0.077,5,100%
HIC,Global,vl_charge,-0.053,-0.052,0.005,-0.059,-0.044,5,100%
HIC,Global,vh_proline,0.052,0.052,0.008,0.043,0.062,5,100%
HIC,Global,vl_polar,0.047,0.042,0.011,0.032,0.058,5,100%
HIC,Global,vh_glycine,0.042,0.04,0.012,0.027,0.054,5,100%
HIC,Global,vl_proline,0.039,0.039,0.014,0.02,0.058,5,100%
HIC,Global,vh_length,0.035,0.036,0.014,0.023,0.058,5,100%
HIC,Global,vl_length,0.026,0.023,0.014,0.007,0.04,5,100%
HIC,Global,vl_cysteine,0.024,0.023,0.032,-0.032,0.046,4,80%
HIC,Region,vh_CDR2_hydrophobic,0.148,0.15,0.047,0.094,0.2,5,100%
HIC,Region,vl_CDR3_aromatic,0.13,0.134,0.044,0.059,0.172,5,100%
HIC,Region,vl_FR1_length,-0.098,-0.088,0.054,-0.143,-0.021,5,100%
HIC,Region,vh_CDR2_aromatic,0.089,0.093,0.01,0.085,0.108,5,100%
HIC,Region,vh_FR1_glycine,0.089,0.076,0.068,-0.034,0.136,4,80%
HIC,Region,vl_FR3_aromatic,0.089,0.082,0.025,0.048,0.114,5,100%
HIC,Region,vh_FR4_charge,-0.088,-0.083,0.028,-0.126,-0.051,5,100%
HIC,Region,vh_CDR1_hydrophobic,0.086,0.091,0.017,0.076,0.116,5,100%
HIC,Region,vl_FR3_glycine,0.082,0.088,0.027,0.062,0.134,5,100%
HIC,Region,vh_CDR3_hydrophobic,0.08,0.086,0.019,0.056,0.103,5,100%
HIC,Region,vh_CDR3_aromatic,0.08,0.072,0.013,0.054,0.086,5,100%
HIC,Region,vh_CDR3_charge,-0.077,-0.078,0.016,-0.089,-0.05,5,100%
HIC,Region,vh_FR3_hydrophobic,0.072,0.08,0.011,0.067,0.092,5,100%
HIC,Region,vl_FR1_proline,0.071,0.073,0.04,0.011,0.113,5,100%
HIC,Region,vl_CDR2_glycine,0.066,0.062,0.004,0.057,0.066,5,100%
HIC,Structure,surface_hydrophobicity,0.133,0.133,0.022,0.107,0.164,5,100%
HIC,Structure,surface_aromaticity,0.059,0.06,0.01,0.049,0.072,5,100%
HIC,Structure,surface_charge,-0.04,-0.04,0.009,-0.054,-0.032,5,100%
HIC,Structure,surface_polarity,0.039,0.038,0.013,0.027,0.059,5,100%
HIC,Structure,total_sasa,0.018,0.017,0.012,-0.0,0.031,4,80%
AC-SINS,Global,vh_charge,3.404,3.413,0.282,2.926,3.645,5,100%
AC-SINS,Global,vl_glycine,1.83,1.803,0.388,1.313,2.286,5,100%
AC-SINS,Global,vl_hydrophobic,1.611,1.606,0.536,1.018,2.486,5,100%
AC-SINS,Global,vl_charge,1.598,1.523,0.466,0.785,2.024,5,100%
AC-SINS,Global,vl_polar,1.152,1.218,0.75,0.614,2.476,5,100%
AC-SINS,Global,vh_proline,-0.98,-0.955,0.306,-1.366,-0.582,5,100%
AC-SINS,Global,vh_length,-0.835,-0.837,0.493,-1.289,-0.179,5,100%
AC-SINS,Global,vh_glycine,0.645,0.655,0.332,0.37,1.193,5,100%
AC-SINS,Global,vh_aromatic,0.535,0.508,0.294,0.162,0.908,5,100%
AC-SINS,Global,vh_polar,0.53,0.512,0.535,0.017,1.364,5,100%
AC-SINS,Global,vl_aromatic,-0.498,-0.438,0.244,-0.7,-0.128,5,100%
AC-SINS,Global,vl_proline,0.383,0.411,0.449,-0.273,0.912,4,80%
AC-SINS,Global,vh_hydrophobic,-0.335,-0.302,0.459,-0.779,0.164,3,60%
AC-SINS,Global,vl_length,-0.304,-0.298,0.582,-0.904,0.604,4,80%
AC-SINS,Global,vh_cysteine,-0.295,-0.26,0.175,-0.43,-0.071,5,100%
AC-SINS,Region,vh_FR4_hydrophobic,-3.299,-2.065,1.339,-3.686,0.037,4,80%
AC-SINS,Region,vh_FR4_polar,-2.877,-1.61,1.0,-2.781,-0.131,5,100%
AC-SINS,Region,vl_FR1_length,2.664,1.461,1.813,-0.678,3.487,3,60%
AC-SINS,Region,vh_CDR3_charge,2.466,2.454,0.506,1.778,2.952,5,100%
AC-SINS,Region,vh_CDR2_charge,2.342,2.313,0.525,1.553,2.829,5,100%
AC-SINS,Region,vh_FR2_proline,-2.075,-2.076,1.259,-3.393,-0.39,5,100%
AC-SINS,Region,vl_CDR3_charge,2.065,2.095,0.801,1.268,2.978,5,100%
AC-SINS,Region,vl_CDR1_charge,1.894,2.044,0.921,0.415,2.621,5,100%
AC-SINS,Region,vl_FR4_glycine,1.869,2.151,1.152,0.928,3.797,5,100%
AC-SINS,Region,vh_FR1_polar,-1.597,-1.384,1.773,-2.983,1.64,4,80%
AC-SINS,Region,vl_FR1_proline,1.506,1.165,1.113,0.119,2.633,5,100%
AC-SINS,Region,vh_FR3_charge,1.473,1.536,0.601,0.714,2.129,5,100%
AC-SINS,Region,vh_FR4_glycine,1.38,1.136,0.689,0.0,1.783,4,80%
AC-SINS,Region,vh_FR4_proline,-1.367,-0.899,0.477,-1.61,-0.38,5,100%
AC-SINS,Region,vl_FR1_glycine,1.287,0.788,2.396,-2.443,4.157,3,60%
AC-SINS,Structure,surface_charge,3.105,3.11,0.312,2.694,3.392,5,100%
AC-SINS,Structure,surface_hydrophobicity,0.781,0.739,0.472,0.195,1.453,5,100%
AC-SINS,Structure,surface_aromaticity,0.471,0.512,0.164,0.355,0.754,5,100%
AC-SINS,Structure,total_sasa,-0.057,-0.086,0.49,-0.693,0.461,3,60%
AC-SINS,Structure,surface_polarity,-0.039,-0.02,0.298,-0.325,0.385,3,60%
