antibody_id,vh_success,vl_success,vh_numbered_length,vl_numbered_length,vh_error,vl_error
GDPa1-001,False,False,0,0,[WinError 32] The process cannot access the file because it is being used by another process: 'C:\\Users\\sjorg\\AppData\\Local\\Temp\\tmpdjyddcfz.txt',[WinError 32] The process cannot access the file because it is being used by another process: 'C:\\Users\\sjorg\\AppData\\Local\\Temp\\tmpgy4fb9xv.txt'
GDPa1-002,False,False,0,0,[WinError 32] The process cannot access the file because it is being used by another process: 'C:\\Users\\sjorg\\AppData\\Local\\Temp\\tmp4k8mrkal.txt',[WinError 32] The process cannot access the file because it is being used by another process: 'C:\\Users\\sjorg\\AppData\\Local\\Temp\\tmpeujp_a3x.txt'
GDPa1-003,False,False,0,0,[WinError 32] The process cannot access the file because it is being used by another process: 'C:\\Users\\sjorg\\AppData\\Local\\Temp\\tmpb3354yfx.txt',[WinError 32] The process cannot access the file because it is being used by another process: 'C:\\Users\\sjorg\\AppData\\Local\\Temp\\tmp6jexd7tj.txt'
GDPa1-004,False,False,0,0,[WinError 32] The process cannot access the file because it is being used by another process: 'C:\\Users\\sjorg\\AppData\\Local\\Temp\\tmp4emibfai.txt',[WinError 32] The process cannot access the file because it is being used by another process: 'C:\\Users\\sjorg\\AppData\\Local\\Temp\\tmpkvff4x3n.txt'
GDPa1-005,False,False,0,0,[WinError 32] The process cannot access the file because it is being used by another process: 'C:\\Users\\sjorg\\AppData\\Local\\Temp\\tmpr474skch.txt',[WinError 32] The process cannot access the file because it is being used by another process: 'C:\\Users\\sjorg\\AppData\\Local\\Temp\\tmpp87aifi1.txt'
GDPa1-006,False,False,0,0,[WinError 32] The process cannot access the file because it is being used by another process: 'C:\\Users\\sjorg\\AppData\\Local\\Temp\\tmp2vs3lmxb.txt',[WinError 32] The process cannot access the file because it is being used by another process: 'C:\\Users\\sjorg\\AppData\\Local\\Temp\\tmpvl2v213d.txt'
GDPa1-007,False,False,0,0,[WinError 32] The process cannot access the file because it is being used by another process: 'C:\\Users\\sjorg\\AppData\\Local\\Temp\\tmp8x7uw4tn.txt',[WinError 32] The process cannot access the file because it is being used by another process: 'C:\\Users\\sjorg\\AppData\\Local\\Temp\\tmp52uaupmr.txt'
GDPa1-008,False,False,0,0,[WinError 32] The process cannot access the file because it is being used by another process: 'C:\\Users\\sjorg\\AppData\\Local\\Temp\\tmprasqkmey.txt',[WinError 32] The process cannot access the file because it is being used by another process: 'C:\\Users\\sjorg\\AppData\\Local\\Temp\\tmp7zp0okpq.txt'
GDPa1-009,False,False,0,0,[WinError 32] The process cannot access the file because it is being used by another process: 'C:\\Users\\sjorg\\AppData\\Local\\Temp\\tmpjici3bhy.txt',[WinError 32] The process cannot access the file because it is being used by another process: 'C:\\Users\\sjorg\\AppData\\Local\\Temp\\tmp8s7igw12.txt'
GDPa1-010,False,False,0,0,[WinError 32] The process cannot access the file because it is being used by another process: 'C:\\Users\\sjorg\\AppData\\Local\\Temp\\tmpn0h1xs5u.txt',[WinError 32] The process cannot access the file because it is being used by another process: 'C:\\Users\\sjorg\\AppData\\Local\\Temp\\tmpz9547ag7.txt'
GDPa1-011,False,False,0,0,[WinError 32] The process cannot access the file because it is being used by another process: 'C:\\Users\\sjorg\\AppData\\Local\\Temp\\tmpupbopyr4.txt',[WinError 32] The process cannot access the file because it is being used by another process: 'C:\\Users\\sjorg\\AppData\\Local\\Temp\\tmpne2jqk13.txt'
GDPa1-012,False,False,0,0,[WinError 32] The process cannot access the file because it is being used by another process: 'C:\\Users\\sjorg\\AppData\\Local\\Temp\\tmppy6wm0k4.txt',[WinError 32] The process cannot access the file because it is being used by another process: 'C:\\Users\\sjorg\\AppData\\Local\\Temp\\tmp2ch4dnxi.txt'
GDPa1-013,False,False,0,0,[WinError 32] The process cannot access the file because it is being used by another process: 'C:\\Users\\sjorg\\AppData\\Local\\Temp\\tmp3hwad12b.txt',[WinError 32] The process cannot access the file because it is being used by another process: 'C:\\Users\\sjorg\\AppData\\Local\\Temp\\tmpcl975nyg.txt'
GDPa1-014,False,False,0,0,[WinError 32] The process cannot access the file because it is being used by another process: 'C:\\Users\\sjorg\\AppData\\Local\\Temp\\tmpa8ur0p9p.txt',[WinError 32] The process cannot access the file because it is being used by another process: 'C:\\Users\\sjorg\\AppData\\Local\\Temp\\tmporn2aam9.txt'
GDPa1-015,False,False,0,0,[WinError 32] The process cannot access the file because it is being used by another process: 'C:\\Users\\sjorg\\AppData\\Local\\Temp\\tmph6y5c0di.txt',[WinError 32] The process cannot access the file because it is being used by another process: 'C:\\Users\\sjorg\\AppData\\Local\\Temp\\tmp2tt9gjh0.txt'
GDPa1-016,False,False,0,0,[WinError 32] The process cannot access the file because it is being used by another process: 'C:\\Users\\sjorg\\AppData\\Local\\Temp\\tmpp_gn6ni1.txt',[WinError 32] The process cannot access the file because it is being used by another process: 'C:\\Users\\sjorg\\AppData\\Local\\Temp\\tmptdxtcray.txt'
GDPa1-017,False,False,0,0,[WinError 32] The process cannot access the file because it is being used by another process: 'C:\\Users\\sjorg\\AppData\\Local\\Temp\\tmph_ako1pf.txt',[WinError 32] The process cannot access the file because it is being used by another process: 'C:\\Users\\sjorg\\AppData\\Local\\Temp\\tmpzapfswaq.txt'
GDPa1-018,False,False,0,0,[WinError 32] The process cannot access the file because it is being used by another process: 'C:\\Users\\sjorg\\AppData\\Local\\Temp\\tmpws969iq_.txt',[WinError 32] The process cannot access the file because it is being used by another process: 'C:\\Users\\sjorg\\AppData\\Local\\Temp\\tmp4vopnnfa.txt'
GDPa1-019,False,False,0,0,[WinError 32] The process cannot access the file because it is being used by another process: 'C:\\Users\\sjorg\\AppData\\Local\\Temp\\tmpzotz3k64.txt',[WinError 32] The process cannot access the file because it is being used by another process: 'C:\\Users\\sjorg\\AppData\\Local\\Temp\\tmpkjny_2x1.txt'
GDPa1-020,False,False,0,0,[WinError 32] The process cannot access the file because it is being used by another process: 'C:\\Users\\sjorg\\AppData\\Local\\Temp\\tmpq23khsns.txt',[WinError 32] The process cannot access the file because it is being used by another process: 'C:\\Users\\sjorg\\AppData\\Local\\Temp\\tmppi7tuks4.txt'
GDPa1-021,False,False,0,0,[WinError 32] The process cannot access the file because it is being used by another process: 'C:\\Users\\sjorg\\AppData\\Local\\Temp\\tmp3d2_e8ew.txt',[WinError 32] The process cannot access the file because it is being used by another process: 'C:\\Users\\sjorg\\AppData\\Local\\Temp\\tmp6gbpg399.txt'
GDPa1-022,False,False,0,0,[WinError 32] The process cannot access the file because it is being used by another process: 'C:\\Users\\sjorg\\AppData\\Local\\Temp\\tmpfvpgsyy_.txt',[WinError 32] The process cannot access the file because it is being used by another process: 'C:\\Users\\sjorg\\AppData\\Local\\Temp\\tmp21g3x968.txt'
GDPa1-023,False,False,0,0,[WinError 32] The process cannot access the file because it is being used by another process: 'C:\\Users\\sjorg\\AppData\\Local\\Temp\\tmpndt4dubt.txt',[WinError 32] The process cannot access the file because it is being used by another process: 'C:\\Users\\sjorg\\AppData\\Local\\Temp\\tmp3hhaqmph.txt'
GDPa1-024,False,False,0,0,[WinError 32] The process cannot access the file because it is being used by another process: 'C:\\Users\\sjorg\\AppData\\Local\\Temp\\tmp6nmg26bf.txt',[WinError 32] The process cannot access the file because it is being used by another process: 'C:\\Users\\sjorg\\AppData\\Local\\Temp\\tmp0gsis3t7.txt'
GDPa1-025,False,False,0,0,[WinError 32] The process cannot access the file because it is being used by another process: 'C:\\Users\\sjorg\\AppData\\Local\\Temp\\tmplxm519hv.txt',[WinError 32] The process cannot access the file because it is being used by another process: 'C:\\Users\\sjorg\\AppData\\Local\\Temp\\tmpqt9eygb_.txt'
GDPa1-026,False,False,0,0,[WinError 32] The process cannot access the file because it is being used by another process: 'C:\\Users\\sjorg\\AppData\\Local\\Temp\\tmpa5ka92ie.txt',[WinError 32] The process cannot access the file because it is being used by another process: 'C:\\Users\\sjorg\\AppData\\Local\\Temp\\tmp7g80vcjl.txt'
GDPa1-027,False,False,0,0,[WinError 32] The process cannot access the file because it is being used by another process: 'C:\\Users\\sjorg\\AppData\\Local\\Temp\\tmp9nf6nlvt.txt',[WinError 32] The process cannot access the file because it is being used by another process: 'C:\\Users\\sjorg\\AppData\\Local\\Temp\\tmp4f8bgx81.txt'
GDPa1-028,False,False,0,0,[WinError 32] The process cannot access the file because it is being used by another process: 'C:\\Users\\sjorg\\AppData\\Local\\Temp\\tmp8fgdhj8p.txt',[WinError 32] The process cannot access the file because it is being used by another process: 'C:\\Users\\sjorg\\AppData\\Local\\Temp\\tmpuzulfo6t.txt'
GDPa1-029,False,False,0,0,[WinError 32] The process cannot access the file because it is being used by another process: 'C:\\Users\\sjorg\\AppData\\Local\\Temp\\tmpofhyl17c.txt',[WinError 32] The process cannot access the file because it is being used by another process: 'C:\\Users\\sjorg\\AppData\\Local\\Temp\\tmpcpinc4l1.txt'
GDPa1-030,False,False,0,0,[WinError 32] The process cannot access the file because it is being used by another process: 'C:\\Users\\sjorg\\AppData\\Local\\Temp\\tmpa8plidit.txt',[WinError 32] The process cannot access the file because it is being used by another process: 'C:\\Users\\sjorg\\AppData\\Local\\Temp\\tmpt0v_owg8.txt'
GDPa1-031,False,False,0,0,[WinError 32] The process cannot access the file because it is being used by another process: 'C:\\Users\\sjorg\\AppData\\Local\\Temp\\tmpa_0rvqhk.txt',[WinError 32] The process cannot access the file because it is being used by another process: 'C:\\Users\\sjorg\\AppData\\Local\\Temp\\tmp67bqkxpr.txt'
GDPa1-032,False,False,0,0,[WinError 32] The process cannot access the file because it is being used by another process: 'C:\\Users\\sjorg\\AppData\\Local\\Temp\\tmpgumixdqm.txt',[WinError 32] The process cannot access the file because it is being used by another process: 'C:\\Users\\sjorg\\AppData\\Local\\Temp\\tmp08v348pn.txt'
GDPa1-033,False,False,0,0,[WinError 32] The process cannot access the file because it is being used by another process: 'C:\\Users\\sjorg\\AppData\\Local\\Temp\\tmp2m9qlvuq.txt',[WinError 32] The process cannot access the file because it is being used by another process: 'C:\\Users\\sjorg\\AppData\\Local\\Temp\\tmpaiq100g2.txt'
GDPa1-034,False,False,0,0,[WinError 32] The process cannot access the file because it is being used by another process: 'C:\\Users\\sjorg\\AppData\\Local\\Temp\\tmpqby5mbel.txt',[WinError 32] The process cannot access the file because it is being used by another process: 'C:\\Users\\sjorg\\AppData\\Local\\Temp\\tmpuf63mbtz.txt'
GDPa1-035,False,False,0,0,[WinError 32] The process cannot access the file because it is being used by another process: 'C:\\Users\\sjorg\\AppData\\Local\\Temp\\tmpx7xl_ioq.txt',[WinError 32] The process cannot access the file because it is being used by another process: 'C:\\Users\\sjorg\\AppData\\Local\\Temp\\tmp3u7xlrgo.txt'
GDPa1-036,False,False,0,0,[WinError 32] The process cannot access the file because it is being used by another process: 'C:\\Users\\sjorg\\AppData\\Local\\Temp\\tmpld1_x47f.txt',[WinError 32] The process cannot access the file because it is being used by another process: 'C:\\Users\\sjorg\\AppData\\Local\\Temp\\tmp4tz3_vau.txt'
GDPa1-037,False,False,0,0,[WinError 32] The process cannot access the file because it is being used by another process: 'C:\\Users\\sjorg\\AppData\\Local\\Temp\\tmp54ad84n7.txt',[WinError 32] The process cannot access the file because it is being used by another process: 'C:\\Users\\sjorg\\AppData\\Local\\Temp\\tmpxhvqsu0k.txt'
GDPa1-038,False,False,0,0,[WinError 32] The process cannot access the file because it is being used by another process: 'C:\\Users\\sjorg\\AppData\\Local\\Temp\\tmpdqzflfit.txt',[WinError 32] The process cannot access the file because it is being used by another process: 'C:\\Users\\sjorg\\AppData\\Local\\Temp\\tmpphgxs84f.txt'
GDPa1-039,False,False,0,0,[WinError 32] The process cannot access the file because it is being used by another process: 'C:\\Users\\sjorg\\AppData\\Local\\Temp\\tmppi4b8gg3.txt',[WinError 32] The process cannot access the file because it is being used by another process: 'C:\\Users\\sjorg\\AppData\\Local\\Temp\\tmpz15ktfq7.txt'
GDPa1-040,False,False,0,0,[WinError 32] The process cannot access the file because it is being used by another process: 'C:\\Users\\sjorg\\AppData\\Local\\Temp\\tmpmudys_ua.txt',[WinError 32] The process cannot access the file because it is being used by another process: 'C:\\Users\\sjorg\\AppData\\Local\\Temp\\tmpobixv7ks.txt'
GDPa1-041,False,False,0,0,[WinError 32] The process cannot access the file because it is being used by another process: 'C:\\Users\\sjorg\\AppData\\Local\\Temp\\tmpqgsovo0n.txt',[WinError 32] The process cannot access the file because it is being used by another process: 'C:\\Users\\sjorg\\AppData\\Local\\Temp\\tmpb3mno7kq.txt'
GDPa1-042,False,False,0,0,[WinError 32] The process cannot access the file because it is being used by another process: 'C:\\Users\\sjorg\\AppData\\Local\\Temp\\tmp4up5b39x.txt',[WinError 32] The process cannot access the file because it is being used by another process: 'C:\\Users\\sjorg\\AppData\\Local\\Temp\\tmpelqa0dm4.txt'
GDPa1-043,False,False,0,0,[WinError 32] The process cannot access the file because it is being used by another process: 'C:\\Users\\sjorg\\AppData\\Local\\Temp\\tmp_5mksssu.txt',[WinError 32] The process cannot access the file because it is being used by another process: 'C:\\Users\\sjorg\\AppData\\Local\\Temp\\tmp_g4i58j5.txt'
GDPa1-044,False,False,0,0,[WinError 32] The process cannot access the file because it is being used by another process: 'C:\\Users\\sjorg\\AppData\\Local\\Temp\\tmpfigdp6hd.txt',[WinError 32] The process cannot access the file because it is being used by another process: 'C:\\Users\\sjorg\\AppData\\Local\\Temp\\tmpftx6smo6.txt'
GDPa1-045,False,False,0,0,[WinError 32] The process cannot access the file because it is being used by another process: 'C:\\Users\\sjorg\\AppData\\Local\\Temp\\tmp0bvg9mmd.txt',[WinError 32] The process cannot access the file because it is being used by another process: 'C:\\Users\\sjorg\\AppData\\Local\\Temp\\tmpe1hdp8vc.txt'
GDPa1-046,False,False,0,0,[WinError 32] The process cannot access the file because it is being used by another process: 'C:\\Users\\sjorg\\AppData\\Local\\Temp\\tmpg7o65ppz.txt',[WinError 32] The process cannot access the file because it is being used by another process: 'C:\\Users\\sjorg\\AppData\\Local\\Temp\\tmp55d7v9pj.txt'
GDPa1-047,False,False,0,0,[WinError 32] The process cannot access the file because it is being used by another process: 'C:\\Users\\sjorg\\AppData\\Local\\Temp\\tmpdwq5ftjg.txt',[WinError 32] The process cannot access the file because it is being used by another process: 'C:\\Users\\sjorg\\AppData\\Local\\Temp\\tmpkbrlh0km.txt'
GDPa1-048,False,False,0,0,[WinError 32] The process cannot access the file because it is being used by another process: 'C:\\Users\\sjorg\\AppData\\Local\\Temp\\tmpyj5kndx4.txt',[WinError 32] The process cannot access the file because it is being used by another process: 'C:\\Users\\sjorg\\AppData\\Local\\Temp\\tmpobsi1nx4.txt'
GDPa1-049,False,False,0,0,[WinError 32] The process cannot access the file because it is being used by another process: 'C:\\Users\\sjorg\\AppData\\Local\\Temp\\tmphjnl91mk.txt',[WinError 32] The process cannot access the file because it is being used by another process: 'C:\\Users\\sjorg\\AppData\\Local\\Temp\\tmpqoeqqt50.txt'
GDPa1-050,False,False,0,0,[WinError 32] The process cannot access the file because it is being used by another process: 'C:\\Users\\sjorg\\AppData\\Local\\Temp\\tmphwj296eh.txt',[WinError 32] The process cannot access the file because it is being used by another process: 'C:\\Users\\sjorg\\AppData\\Local\\Temp\\tmp26jsj4t5.txt'
GDPa1-051,False,False,0,0,[WinError 32] The process cannot access the file because it is being used by another process: 'C:\\Users\\sjorg\\AppData\\Local\\Temp\\tmpnkj753kh.txt',[WinError 32] The process cannot access the file because it is being used by another process: 'C:\\Users\\sjorg\\AppData\\Local\\Temp\\tmp2u0_dqqy.txt'
GDPa1-052,False,False,0,0,[WinError 32] The process cannot access the file because it is being used by another process: 'C:\\Users\\sjorg\\AppData\\Local\\Temp\\tmpyz2psov2.txt',[WinError 32] The process cannot access the file because it is being used by another process: 'C:\\Users\\sjorg\\AppData\\Local\\Temp\\tmpdpnfxzwq.txt'
GDPa1-053,False,False,0,0,[WinError 32] The process cannot access the file because it is being used by another process: 'C:\\Users\\sjorg\\AppData\\Local\\Temp\\tmpbtuw_o46.txt',[WinError 32] The process cannot access the file because it is being used by another process: 'C:\\Users\\sjorg\\AppData\\Local\\Temp\\tmpv39t0m13.txt'
GDPa1-054,False,False,0,0,[WinError 32] The process cannot access the file because it is being used by another process: 'C:\\Users\\sjorg\\AppData\\Local\\Temp\\tmpszonw6zp.txt',[WinError 32] The process cannot access the file because it is being used by another process: 'C:\\Users\\sjorg\\AppData\\Local\\Temp\\tmp7oixd53b.txt'
GDPa1-055,False,False,0,0,[WinError 32] The process cannot access the file because it is being used by another process: 'C:\\Users\\sjorg\\AppData\\Local\\Temp\\tmp1msk91gr.txt',[WinError 32] The process cannot access the file because it is being used by another process: 'C:\\Users\\sjorg\\AppData\\Local\\Temp\\tmpn4pfm2zj.txt'
GDPa1-056,False,False,0,0,[WinError 32] The process cannot access the file because it is being used by another process: 'C:\\Users\\sjorg\\AppData\\Local\\Temp\\tmp3w7kpzmr.txt',[WinError 32] The process cannot access the file because it is being used by another process: 'C:\\Users\\sjorg\\AppData\\Local\\Temp\\tmp266jwmt4.txt'
GDPa1-057,False,False,0,0,[WinError 32] The process cannot access the file because it is being used by another process: 'C:\\Users\\sjorg\\AppData\\Local\\Temp\\tmpkhr4ca8n.txt',[WinError 32] The process cannot access the file because it is being used by another process: 'C:\\Users\\sjorg\\AppData\\Local\\Temp\\tmpwn7w2ihm.txt'
GDPa1-058,False,False,0,0,[WinError 32] The process cannot access the file because it is being used by another process: 'C:\\Users\\sjorg\\AppData\\Local\\Temp\\tmpxn0pwzoq.txt',[WinError 32] The process cannot access the file because it is being used by another process: 'C:\\Users\\sjorg\\AppData\\Local\\Temp\\tmpu1whp7zm.txt'
GDPa1-059,False,False,0,0,[WinError 32] The process cannot access the file because it is being used by another process: 'C:\\Users\\sjorg\\AppData\\Local\\Temp\\tmpqc64z49r.txt',[WinError 32] The process cannot access the file because it is being used by another process: 'C:\\Users\\sjorg\\AppData\\Local\\Temp\\tmpyrj5owga.txt'
GDPa1-060,False,False,0,0,[WinError 32] The process cannot access the file because it is being used by another process: 'C:\\Users\\sjorg\\AppData\\Local\\Temp\\tmpqi4qui1d.txt',[WinError 32] The process cannot access the file because it is being used by another process: 'C:\\Users\\sjorg\\AppData\\Local\\Temp\\tmpk01sidr7.txt'
GDPa1-061,False,False,0,0,[WinError 32] The process cannot access the file because it is being used by another process: 'C:\\Users\\sjorg\\AppData\\Local\\Temp\\tmp3lo5jv6w.txt',[WinError 32] The process cannot access the file because it is being used by another process: 'C:\\Users\\sjorg\\AppData\\Local\\Temp\\tmp4q82pwum.txt'
GDPa1-062,False,False,0,0,[WinError 32] The process cannot access the file because it is being used by another process: 'C:\\Users\\sjorg\\AppData\\Local\\Temp\\tmpdz048fxh.txt',[WinError 32] The process cannot access the file because it is being used by another process: 'C:\\Users\\sjorg\\AppData\\Local\\Temp\\tmp1fb0dpbd.txt'
GDPa1-063,False,False,0,0,[WinError 32] The process cannot access the file because it is being used by another process: 'C:\\Users\\sjorg\\AppData\\Local\\Temp\\tmp9x2x3_57.txt',[WinError 32] The process cannot access the file because it is being used by another process: 'C:\\Users\\sjorg\\AppData\\Local\\Temp\\tmpt0_m9fob.txt'
GDPa1-064,False,False,0,0,[WinError 32] The process cannot access the file because it is being used by another process: 'C:\\Users\\sjorg\\AppData\\Local\\Temp\\tmpbjtxmmtz.txt',[WinError 32] The process cannot access the file because it is being used by another process: 'C:\\Users\\sjorg\\AppData\\Local\\Temp\\tmpmdtir7kx.txt'
GDPa1-065,False,False,0,0,[WinError 32] The process cannot access the file because it is being used by another process: 'C:\\Users\\sjorg\\AppData\\Local\\Temp\\tmp1w253zsv.txt',[WinError 32] The process cannot access the file because it is being used by another process: 'C:\\Users\\sjorg\\AppData\\Local\\Temp\\tmpst_55mi1.txt'
GDPa1-066,False,False,0,0,[WinError 32] The process cannot access the file because it is being used by another process: 'C:\\Users\\sjorg\\AppData\\Local\\Temp\\tmpzkebt4l5.txt',[WinError 32] The process cannot access the file because it is being used by another process: 'C:\\Users\\sjorg\\AppData\\Local\\Temp\\tmpm__0rf55.txt'
GDPa1-067,False,False,0,0,[WinError 32] The process cannot access the file because it is being used by another process: 'C:\\Users\\sjorg\\AppData\\Local\\Temp\\tmp6673oapk.txt',[WinError 32] The process cannot access the file because it is being used by another process: 'C:\\Users\\sjorg\\AppData\\Local\\Temp\\tmpupeki3fw.txt'
GDPa1-068,False,False,0,0,[WinError 32] The process cannot access the file because it is being used by another process: 'C:\\Users\\sjorg\\AppData\\Local\\Temp\\tmpiphfn5kr.txt',[WinError 32] The process cannot access the file because it is being used by another process: 'C:\\Users\\sjorg\\AppData\\Local\\Temp\\tmp3sqlwccj.txt'
GDPa1-069,False,False,0,0,[WinError 32] The process cannot access the file because it is being used by another process: 'C:\\Users\\sjorg\\AppData\\Local\\Temp\\tmp07dt3y42.txt',[WinError 32] The process cannot access the file because it is being used by another process: 'C:\\Users\\sjorg\\AppData\\Local\\Temp\\tmpu91ey53x.txt'
GDPa1-070,False,False,0,0,[WinError 32] The process cannot access the file because it is being used by another process: 'C:\\Users\\sjorg\\AppData\\Local\\Temp\\tmpx_1tzmy3.txt',[WinError 32] The process cannot access the file because it is being used by another process: 'C:\\Users\\sjorg\\AppData\\Local\\Temp\\tmp1fh7fnxk.txt'
GDPa1-071,False,False,0,0,[WinError 32] The process cannot access the file because it is being used by another process: 'C:\\Users\\sjorg\\AppData\\Local\\Temp\\tmp72kgsir2.txt',[WinError 32] The process cannot access the file because it is being used by another process: 'C:\\Users\\sjorg\\AppData\\Local\\Temp\\tmp4z4rs7_k.txt'
GDPa1-072,False,False,0,0,[WinError 32] The process cannot access the file because it is being used by another process: 'C:\\Users\\sjorg\\AppData\\Local\\Temp\\tmpjnxn6vyz.txt',[WinError 32] The process cannot access the file because it is being used by another process: 'C:\\Users\\sjorg\\AppData\\Local\\Temp\\tmpn5qpt7xn.txt'
GDPa1-073,False,False,0,0,[WinError 32] The process cannot access the file because it is being used by another process: 'C:\\Users\\sjorg\\AppData\\Local\\Temp\\tmpwpngg2vd.txt',[WinError 32] The process cannot access the file because it is being used by another process: 'C:\\Users\\sjorg\\AppData\\Local\\Temp\\tmpjy2l5azl.txt'
GDPa1-074,False,False,0,0,[WinError 32] The process cannot access the file because it is being used by another process: 'C:\\Users\\sjorg\\AppData\\Local\\Temp\\tmp8yjhtdzn.txt',[WinError 32] The process cannot access the file because it is being used by another process: 'C:\\Users\\sjorg\\AppData\\Local\\Temp\\tmprt0yuw44.txt'
GDPa1-075,False,False,0,0,[WinError 32] The process cannot access the file because it is being used by another process: 'C:\\Users\\sjorg\\AppData\\Local\\Temp\\tmpl_wdzs34.txt',[WinError 32] The process cannot access the file because it is being used by another process: 'C:\\Users\\sjorg\\AppData\\Local\\Temp\\tmp9nd99elw.txt'
GDPa1-076,False,False,0,0,[WinError 32] The process cannot access the file because it is being used by another process: 'C:\\Users\\sjorg\\AppData\\Local\\Temp\\tmpxz757ikn.txt',[WinError 32] The process cannot access the file because it is being used by another process: 'C:\\Users\\sjorg\\AppData\\Local\\Temp\\tmp80h5lb9w.txt'
GDPa1-077,False,False,0,0,[WinError 32] The process cannot access the file because it is being used by another process: 'C:\\Users\\sjorg\\AppData\\Local\\Temp\\tmpc7hmrznk.txt',[WinError 32] The process cannot access the file because it is being used by another process: 'C:\\Users\\sjorg\\AppData\\Local\\Temp\\tmp3zyazrwf.txt'
GDPa1-078,False,False,0,0,[WinError 32] The process cannot access the file because it is being used by another process: 'C:\\Users\\sjorg\\AppData\\Local\\Temp\\tmpy6qc8n60.txt',[WinError 32] The process cannot access the file because it is being used by another process: 'C:\\Users\\sjorg\\AppData\\Local\\Temp\\tmp5ap6wfmx.txt'
GDPa1-079,False,False,0,0,[WinError 32] The process cannot access the file because it is being used by another process: 'C:\\Users\\sjorg\\AppData\\Local\\Temp\\tmp9os2fw6x.txt',[WinError 32] The process cannot access the file because it is being used by another process: 'C:\\Users\\sjorg\\AppData\\Local\\Temp\\tmpab5r9a_7.txt'
GDPa1-080,False,False,0,0,[WinError 32] The process cannot access the file because it is being used by another process: 'C:\\Users\\sjorg\\AppData\\Local\\Temp\\tmp5kmcavg_.txt',[WinError 32] The process cannot access the file because it is being used by another process: 'C:\\Users\\sjorg\\AppData\\Local\\Temp\\tmp9td5a909.txt'
GDPa1-081,False,False,0,0,[WinError 32] The process cannot access the file because it is being used by another process: 'C:\\Users\\sjorg\\AppData\\Local\\Temp\\tmpi5m5nb6r.txt',[WinError 32] The process cannot access the file because it is being used by another process: 'C:\\Users\\sjorg\\AppData\\Local\\Temp\\tmpb_ep7u30.txt'
GDPa1-082,False,False,0,0,[WinError 32] The process cannot access the file because it is being used by another process: 'C:\\Users\\sjorg\\AppData\\Local\\Temp\\tmpw76d3sup.txt',[WinError 32] The process cannot access the file because it is being used by another process: 'C:\\Users\\sjorg\\AppData\\Local\\Temp\\tmpu6rivzyn.txt'
GDPa1-083,False,False,0,0,[WinError 32] The process cannot access the file because it is being used by another process: 'C:\\Users\\sjorg\\AppData\\Local\\Temp\\tmp4ekpn4fh.txt',[WinError 32] The process cannot access the file because it is being used by another process: 'C:\\Users\\sjorg\\AppData\\Local\\Temp\\tmpzk0ndvnb.txt'
GDPa1-084,False,False,0,0,[WinError 32] The process cannot access the file because it is being used by another process: 'C:\\Users\\sjorg\\AppData\\Local\\Temp\\tmpcvu_qh4_.txt',[WinError 32] The process cannot access the file because it is being used by another process: 'C:\\Users\\sjorg\\AppData\\Local\\Temp\\tmpjdhvdpk1.txt'
GDPa1-085,False,False,0,0,[WinError 32] The process cannot access the file because it is being used by another process: 'C:\\Users\\sjorg\\AppData\\Local\\Temp\\tmpj2xd6qtu.txt',[WinError 32] The process cannot access the file because it is being used by another process: 'C:\\Users\\sjorg\\AppData\\Local\\Temp\\tmp6u6w3dwq.txt'
GDPa1-086,False,False,0,0,[WinError 32] The process cannot access the file because it is being used by another process: 'C:\\Users\\sjorg\\AppData\\Local\\Temp\\tmp0oof282d.txt',[WinError 32] The process cannot access the file because it is being used by another process: 'C:\\Users\\sjorg\\AppData\\Local\\Temp\\tmpkjfy51ss.txt'
GDPa1-087,False,False,0,0,[WinError 32] The process cannot access the file because it is being used by another process: 'C:\\Users\\sjorg\\AppData\\Local\\Temp\\tmptv5kekw3.txt',[WinError 32] The process cannot access the file because it is being used by another process: 'C:\\Users\\sjorg\\AppData\\Local\\Temp\\tmpkd80p8a_.txt'
GDPa1-088,False,False,0,0,[WinError 32] The process cannot access the file because it is being used by another process: 'C:\\Users\\sjorg\\AppData\\Local\\Temp\\tmpdppm2n6y.txt',[WinError 32] The process cannot access the file because it is being used by another process: 'C:\\Users\\sjorg\\AppData\\Local\\Temp\\tmp2g_ftrep.txt'
GDPa1-089,False,False,0,0,[WinError 32] The process cannot access the file because it is being used by another process: 'C:\\Users\\sjorg\\AppData\\Local\\Temp\\tmplpml2ixd.txt',[WinError 32] The process cannot access the file because it is being used by another process: 'C:\\Users\\sjorg\\AppData\\Local\\Temp\\tmp6c0zz6xp.txt'
GDPa1-090,False,False,0,0,[WinError 32] The process cannot access the file because it is being used by another process: 'C:\\Users\\sjorg\\AppData\\Local\\Temp\\tmpx9vllvb4.txt',[WinError 32] The process cannot access the file because it is being used by another process: 'C:\\Users\\sjorg\\AppData\\Local\\Temp\\tmp38ruq5b6.txt'
GDPa1-091,False,False,0,0,[WinError 32] The process cannot access the file because it is being used by another process: 'C:\\Users\\sjorg\\AppData\\Local\\Temp\\tmpprh9tuh1.txt',[WinError 32] The process cannot access the file because it is being used by another process: 'C:\\Users\\sjorg\\AppData\\Local\\Temp\\tmpixifkbbk.txt'
GDPa1-092,False,False,0,0,[WinError 32] The process cannot access the file because it is being used by another process: 'C:\\Users\\sjorg\\AppData\\Local\\Temp\\tmpbnx5polh.txt',[WinError 32] The process cannot access the file because it is being used by another process: 'C:\\Users\\sjorg\\AppData\\Local\\Temp\\tmpuf7fvh2o.txt'
GDPa1-093,False,False,0,0,[WinError 32] The process cannot access the file because it is being used by another process: 'C:\\Users\\sjorg\\AppData\\Local\\Temp\\tmp3racqozh.txt',[WinError 32] The process cannot access the file because it is being used by another process: 'C:\\Users\\sjorg\\AppData\\Local\\Temp\\tmpm0bx638w.txt'
GDPa1-094,False,False,0,0,[WinError 32] The process cannot access the file because it is being used by another process: 'C:\\Users\\sjorg\\AppData\\Local\\Temp\\tmphrwzx22d.txt',[WinError 32] The process cannot access the file because it is being used by another process: 'C:\\Users\\sjorg\\AppData\\Local\\Temp\\tmpnzko1so4.txt'
GDPa1-095,False,False,0,0,[WinError 32] The process cannot access the file because it is being used by another process: 'C:\\Users\\sjorg\\AppData\\Local\\Temp\\tmpsnqhg1yr.txt',[WinError 32] The process cannot access the file because it is being used by another process: 'C:\\Users\\sjorg\\AppData\\Local\\Temp\\tmpr_jy9k44.txt'
GDPa1-096,False,False,0,0,[WinError 32] The process cannot access the file because it is being used by another process: 'C:\\Users\\sjorg\\AppData\\Local\\Temp\\tmp_582yby_.txt',[WinError 32] The process cannot access the file because it is being used by another process: 'C:\\Users\\sjorg\\AppData\\Local\\Temp\\tmpq0ufq5_o.txt'
GDPa1-097,False,False,0,0,[WinError 32] The process cannot access the file because it is being used by another process: 'C:\\Users\\sjorg\\AppData\\Local\\Temp\\tmp6l7moh_0.txt',[WinError 32] The process cannot access the file because it is being used by another process: 'C:\\Users\\sjorg\\AppData\\Local\\Temp\\tmplyzallad.txt'
GDPa1-098,False,False,0,0,[WinError 32] The process cannot access the file because it is being used by another process: 'C:\\Users\\sjorg\\AppData\\Local\\Temp\\tmp_xxd__nb.txt',[WinError 32] The process cannot access the file because it is being used by another process: 'C:\\Users\\sjorg\\AppData\\Local\\Temp\\tmpj9_8vf9z.txt'
GDPa1-099,False,False,0,0,[WinError 32] The process cannot access the file because it is being used by another process: 'C:\\Users\\sjorg\\AppData\\Local\\Temp\\tmpokbb0t64.txt',[WinError 32] The process cannot access the file because it is being used by another process: 'C:\\Users\\sjorg\\AppData\\Local\\Temp\\tmp8ngeg8n7.txt'
GDPa1-100,False,False,0,0,[WinError 32] The process cannot access the file because it is being used by another process: 'C:\\Users\\sjorg\\AppData\\Local\\Temp\\tmpvu70a3x3.txt',[WinError 32] The process cannot access the file because it is being used by another process: 'C:\\Users\\sjorg\\AppData\\Local\\Temp\\tmp84ut5vmx.txt'
GDPa1-101,False,False,0,0,[WinError 32] The process cannot access the file because it is being used by another process: 'C:\\Users\\sjorg\\AppData\\Local\\Temp\\tmp7efemkez.txt',[WinError 32] The process cannot access the file because it is being used by another process: 'C:\\Users\\sjorg\\AppData\\Local\\Temp\\tmp7wtmxcff.txt'
GDPa1-102,False,False,0,0,[WinError 32] The process cannot access the file because it is being used by another process: 'C:\\Users\\sjorg\\AppData\\Local\\Temp\\tmpa3gx11on.txt',[WinError 32] The process cannot access the file because it is being used by another process: 'C:\\Users\\sjorg\\AppData\\Local\\Temp\\tmpmymlelc3.txt'
GDPa1-103,False,False,0,0,[WinError 32] The process cannot access the file because it is being used by another process: 'C:\\Users\\sjorg\\AppData\\Local\\Temp\\tmpprqebx9t.txt',[WinError 32] The process cannot access the file because it is being used by another process: 'C:\\Users\\sjorg\\AppData\\Local\\Temp\\tmp9jlmpj51.txt'
GDPa1-104,False,False,0,0,[WinError 32] The process cannot access the file because it is being used by another process: 'C:\\Users\\sjorg\\AppData\\Local\\Temp\\tmpqcmtmos0.txt',[WinError 32] The process cannot access the file because it is being used by another process: 'C:\\Users\\sjorg\\AppData\\Local\\Temp\\tmps4pugas7.txt'
GDPa1-105,False,False,0,0,[WinError 32] The process cannot access the file because it is being used by another process: 'C:\\Users\\sjorg\\AppData\\Local\\Temp\\tmpweobxhwa.txt',[WinError 32] The process cannot access the file because it is being used by another process: 'C:\\Users\\sjorg\\AppData\\Local\\Temp\\tmph9vxmv1r.txt'
GDPa1-106,False,False,0,0,[WinError 32] The process cannot access the file because it is being used by another process: 'C:\\Users\\sjorg\\AppData\\Local\\Temp\\tmp6rrijsa6.txt',[WinError 32] The process cannot access the file because it is being used by another process: 'C:\\Users\\sjorg\\AppData\\Local\\Temp\\tmp78rvqj32.txt'
GDPa1-107,False,False,0,0,[WinError 32] The process cannot access the file because it is being used by another process: 'C:\\Users\\sjorg\\AppData\\Local\\Temp\\tmp0kiszcvh.txt',[WinError 32] The process cannot access the file because it is being used by another process: 'C:\\Users\\sjorg\\AppData\\Local\\Temp\\tmpbu1_h_me.txt'
GDPa1-108,False,False,0,0,[WinError 32] The process cannot access the file because it is being used by another process: 'C:\\Users\\sjorg\\AppData\\Local\\Temp\\tmp_4guxiw6.txt',[WinError 32] The process cannot access the file because it is being used by another process: 'C:\\Users\\sjorg\\AppData\\Local\\Temp\\tmpjjuapssv.txt'
GDPa1-109,False,False,0,0,[WinError 32] The process cannot access the file because it is being used by another process: 'C:\\Users\\sjorg\\AppData\\Local\\Temp\\tmp3mxa4pyo.txt',[WinError 32] The process cannot access the file because it is being used by another process: 'C:\\Users\\sjorg\\AppData\\Local\\Temp\\tmparwe5mpe.txt'
GDPa1-110,False,False,0,0,[WinError 32] The process cannot access the file because it is being used by another process: 'C:\\Users\\sjorg\\AppData\\Local\\Temp\\tmpaabrtvv1.txt',[WinError 32] The process cannot access the file because it is being used by another process: 'C:\\Users\\sjorg\\AppData\\Local\\Temp\\tmpja2zeweq.txt'
GDPa1-111,False,False,0,0,[WinError 32] The process cannot access the file because it is being used by another process: 'C:\\Users\\sjorg\\AppData\\Local\\Temp\\tmp42ib09li.txt',[WinError 32] The process cannot access the file because it is being used by another process: 'C:\\Users\\sjorg\\AppData\\Local\\Temp\\tmpn__tkotc.txt'
GDPa1-112,False,False,0,0,[WinError 32] The process cannot access the file because it is being used by another process: 'C:\\Users\\sjorg\\AppData\\Local\\Temp\\tmp63arw4eh.txt',[WinError 32] The process cannot access the file because it is being used by another process: 'C:\\Users\\sjorg\\AppData\\Local\\Temp\\tmp0epvnmr1.txt'
GDPa1-113,False,False,0,0,[WinError 32] The process cannot access the file because it is being used by another process: 'C:\\Users\\sjorg\\AppData\\Local\\Temp\\tmpctcxy5wr.txt',[WinError 32] The process cannot access the file because it is being used by another process: 'C:\\Users\\sjorg\\AppData\\Local\\Temp\\tmp_iyrjw23.txt'
GDPa1-114,False,False,0,0,[WinError 32] The process cannot access the file because it is being used by another process: 'C:\\Users\\sjorg\\AppData\\Local\\Temp\\tmpfgq9_e4m.txt',[WinError 32] The process cannot access the file because it is being used by another process: 'C:\\Users\\sjorg\\AppData\\Local\\Temp\\tmprfdai9d9.txt'
GDPa1-115,False,False,0,0,[WinError 32] The process cannot access the file because it is being used by another process: 'C:\\Users\\sjorg\\AppData\\Local\\Temp\\tmpf6086p03.txt',[WinError 32] The process cannot access the file because it is being used by another process: 'C:\\Users\\sjorg\\AppData\\Local\\Temp\\tmpb2wdmjz6.txt'
GDPa1-116,False,False,0,0,[WinError 32] The process cannot access the file because it is being used by another process: 'C:\\Users\\sjorg\\AppData\\Local\\Temp\\tmpi2q5roc0.txt',[WinError 32] The process cannot access the file because it is being used by another process: 'C:\\Users\\sjorg\\AppData\\Local\\Temp\\tmpwekjzt71.txt'
GDPa1-117,False,False,0,0,[WinError 32] The process cannot access the file because it is being used by another process: 'C:\\Users\\sjorg\\AppData\\Local\\Temp\\tmpppv7r87d.txt',[WinError 32] The process cannot access the file because it is being used by another process: 'C:\\Users\\sjorg\\AppData\\Local\\Temp\\tmpe1ynf3wx.txt'
GDPa1-118,False,False,0,0,[WinError 32] The process cannot access the file because it is being used by another process: 'C:\\Users\\sjorg\\AppData\\Local\\Temp\\tmp9hyqbnuy.txt',[WinError 32] The process cannot access the file because it is being used by another process: 'C:\\Users\\sjorg\\AppData\\Local\\Temp\\tmpti3we2op.txt'
GDPa1-119,False,False,0,0,[WinError 32] The process cannot access the file because it is being used by another process: 'C:\\Users\\sjorg\\AppData\\Local\\Temp\\tmp3z_jaf80.txt',[WinError 32] The process cannot access the file because it is being used by another process: 'C:\\Users\\sjorg\\AppData\\Local\\Temp\\tmplhb5eee0.txt'
GDPa1-120,False,False,0,0,[WinError 32] The process cannot access the file because it is being used by another process: 'C:\\Users\\sjorg\\AppData\\Local\\Temp\\tmpr6yj2vx0.txt',[WinError 32] The process cannot access the file because it is being used by another process: 'C:\\Users\\sjorg\\AppData\\Local\\Temp\\tmpios6x0s6.txt'
GDPa1-121,False,False,0,0,[WinError 32] The process cannot access the file because it is being used by another process: 'C:\\Users\\sjorg\\AppData\\Local\\Temp\\tmpap2_t_9l.txt',[WinError 32] The process cannot access the file because it is being used by another process: 'C:\\Users\\sjorg\\AppData\\Local\\Temp\\tmpzeetquek.txt'
GDPa1-122,False,False,0,0,[WinError 32] The process cannot access the file because it is being used by another process: 'C:\\Users\\sjorg\\AppData\\Local\\Temp\\tmp3sg09jdi.txt',[WinError 32] The process cannot access the file because it is being used by another process: 'C:\\Users\\sjorg\\AppData\\Local\\Temp\\tmp_p55qp53.txt'
GDPa1-123,False,False,0,0,[WinError 32] The process cannot access the file because it is being used by another process: 'C:\\Users\\sjorg\\AppData\\Local\\Temp\\tmpv7z0k4wj.txt',[WinError 32] The process cannot access the file because it is being used by another process: 'C:\\Users\\sjorg\\AppData\\Local\\Temp\\tmppeb5ooov.txt'
GDPa1-124,False,False,0,0,[WinError 32] The process cannot access the file because it is being used by another process: 'C:\\Users\\sjorg\\AppData\\Local\\Temp\\tmpco1gc23c.txt',[WinError 32] The process cannot access the file because it is being used by another process: 'C:\\Users\\sjorg\\AppData\\Local\\Temp\\tmpgrx_w90m.txt'
GDPa1-125,False,False,0,0,[WinError 32] The process cannot access the file because it is being used by another process: 'C:\\Users\\sjorg\\AppData\\Local\\Temp\\tmp_uyhyz6j.txt',[WinError 32] The process cannot access the file because it is being used by another process: 'C:\\Users\\sjorg\\AppData\\Local\\Temp\\tmpt5cb4_5x.txt'
GDPa1-126,False,False,0,0,[WinError 32] The process cannot access the file because it is being used by another process: 'C:\\Users\\sjorg\\AppData\\Local\\Temp\\tmp4w3h8xph.txt',[WinError 32] The process cannot access the file because it is being used by another process: 'C:\\Users\\sjorg\\AppData\\Local\\Temp\\tmpzelu6zm6.txt'
GDPa1-127,False,False,0,0,[WinError 32] The process cannot access the file because it is being used by another process: 'C:\\Users\\sjorg\\AppData\\Local\\Temp\\tmpglvlyyyk.txt',[WinError 32] The process cannot access the file because it is being used by another process: 'C:\\Users\\sjorg\\AppData\\Local\\Temp\\tmpeyni3j84.txt'
GDPa1-128,False,False,0,0,[WinError 32] The process cannot access the file because it is being used by another process: 'C:\\Users\\sjorg\\AppData\\Local\\Temp\\tmppi2ib4kt.txt',[WinError 32] The process cannot access the file because it is being used by another process: 'C:\\Users\\sjorg\\AppData\\Local\\Temp\\tmpd8r5cc45.txt'
GDPa1-129,False,False,0,0,[WinError 32] The process cannot access the file because it is being used by another process: 'C:\\Users\\sjorg\\AppData\\Local\\Temp\\tmpoj6ba6uq.txt',[WinError 32] The process cannot access the file because it is being used by another process: 'C:\\Users\\sjorg\\AppData\\Local\\Temp\\tmp4nwqywkz.txt'
GDPa1-130,False,False,0,0,[WinError 32] The process cannot access the file because it is being used by another process: 'C:\\Users\\sjorg\\AppData\\Local\\Temp\\tmpk0neg2wd.txt',[WinError 32] The process cannot access the file because it is being used by another process: 'C:\\Users\\sjorg\\AppData\\Local\\Temp\\tmp1tvbri8x.txt'
GDPa1-131,False,False,0,0,[WinError 32] The process cannot access the file because it is being used by another process: 'C:\\Users\\sjorg\\AppData\\Local\\Temp\\tmpcd9w_4v5.txt',[WinError 32] The process cannot access the file because it is being used by another process: 'C:\\Users\\sjorg\\AppData\\Local\\Temp\\tmp6e0yrcza.txt'
GDPa1-132,False,False,0,0,[WinError 32] The process cannot access the file because it is being used by another process: 'C:\\Users\\sjorg\\AppData\\Local\\Temp\\tmpifcbekbm.txt',[WinError 32] The process cannot access the file because it is being used by another process: 'C:\\Users\\sjorg\\AppData\\Local\\Temp\\tmpfjnkydrh.txt'
GDPa1-133,False,False,0,0,[WinError 32] The process cannot access the file because it is being used by another process: 'C:\\Users\\sjorg\\AppData\\Local\\Temp\\tmp80n_66ph.txt',[WinError 32] The process cannot access the file because it is being used by another process: 'C:\\Users\\sjorg\\AppData\\Local\\Temp\\tmpunma9abf.txt'
GDPa1-134,False,False,0,0,[WinError 32] The process cannot access the file because it is being used by another process: 'C:\\Users\\sjorg\\AppData\\Local\\Temp\\tmpagdev4hm.txt',[WinError 32] The process cannot access the file because it is being used by another process: 'C:\\Users\\sjorg\\AppData\\Local\\Temp\\tmpr1qu6_et.txt'
GDPa1-135,False,False,0,0,[WinError 32] The process cannot access the file because it is being used by another process: 'C:\\Users\\sjorg\\AppData\\Local\\Temp\\tmplemok7wo.txt',[WinError 32] The process cannot access the file because it is being used by another process: 'C:\\Users\\sjorg\\AppData\\Local\\Temp\\tmptqdj72mx.txt'
GDPa1-136,False,False,0,0,[WinError 32] The process cannot access the file because it is being used by another process: 'C:\\Users\\sjorg\\AppData\\Local\\Temp\\tmpbodlaejl.txt',[WinError 32] The process cannot access the file because it is being used by another process: 'C:\\Users\\sjorg\\AppData\\Local\\Temp\\tmpqywy6hak.txt'
GDPa1-137,False,False,0,0,[WinError 32] The process cannot access the file because it is being used by another process: 'C:\\Users\\sjorg\\AppData\\Local\\Temp\\tmp93debbk9.txt',[WinError 32] The process cannot access the file because it is being used by another process: 'C:\\Users\\sjorg\\AppData\\Local\\Temp\\tmpu3l998nj.txt'
GDPa1-138,False,False,0,0,[WinError 32] The process cannot access the file because it is being used by another process: 'C:\\Users\\sjorg\\AppData\\Local\\Temp\\tmp0blo9s1m.txt',[WinError 32] The process cannot access the file because it is being used by another process: 'C:\\Users\\sjorg\\AppData\\Local\\Temp\\tmp8xqj591k.txt'
GDPa1-139,False,False,0,0,[WinError 32] The process cannot access the file because it is being used by another process: 'C:\\Users\\sjorg\\AppData\\Local\\Temp\\tmpgik4jts0.txt',[WinError 32] The process cannot access the file because it is being used by another process: 'C:\\Users\\sjorg\\AppData\\Local\\Temp\\tmpvz86oguo.txt'
GDPa1-140,False,False,0,0,[WinError 32] The process cannot access the file because it is being used by another process: 'C:\\Users\\sjorg\\AppData\\Local\\Temp\\tmpthavql4t.txt',[WinError 32] The process cannot access the file because it is being used by another process: 'C:\\Users\\sjorg\\AppData\\Local\\Temp\\tmpcyab4k52.txt'
GDPa1-141,False,False,0,0,[WinError 32] The process cannot access the file because it is being used by another process: 'C:\\Users\\sjorg\\AppData\\Local\\Temp\\tmpyrftk9bm.txt',[WinError 32] The process cannot access the file because it is being used by another process: 'C:\\Users\\sjorg\\AppData\\Local\\Temp\\tmpqdqyyiq7.txt'
GDPa1-142,False,False,0,0,[WinError 32] The process cannot access the file because it is being used by another process: 'C:\\Users\\sjorg\\AppData\\Local\\Temp\\tmpmjojfp5p.txt',[WinError 32] The process cannot access the file because it is being used by another process: 'C:\\Users\\sjorg\\AppData\\Local\\Temp\\tmp1vsg4hhn.txt'
GDPa1-143,False,False,0,0,[WinError 32] The process cannot access the file because it is being used by another process: 'C:\\Users\\sjorg\\AppData\\Local\\Temp\\tmp3td3qze3.txt',[WinError 32] The process cannot access the file because it is being used by another process: 'C:\\Users\\sjorg\\AppData\\Local\\Temp\\tmpgpq4cqfe.txt'
GDPa1-144,False,False,0,0,[WinError 32] The process cannot access the file because it is being used by another process: 'C:\\Users\\sjorg\\AppData\\Local\\Temp\\tmp6pyzyeqn.txt',[WinError 32] The process cannot access the file because it is being used by another process: 'C:\\Users\\sjorg\\AppData\\Local\\Temp\\tmpj_97__qu.txt'
GDPa1-145,False,False,0,0,[WinError 32] The process cannot access the file because it is being used by another process: 'C:\\Users\\sjorg\\AppData\\Local\\Temp\\tmprnuvsv03.txt',[WinError 32] The process cannot access the file because it is being used by another process: 'C:\\Users\\sjorg\\AppData\\Local\\Temp\\tmpr310tvom.txt'
GDPa1-146,False,False,0,0,[WinError 32] The process cannot access the file because it is being used by another process: 'C:\\Users\\sjorg\\AppData\\Local\\Temp\\tmpoce4b_pj.txt',[WinError 32] The process cannot access the file because it is being used by another process: 'C:\\Users\\sjorg\\AppData\\Local\\Temp\\tmp38ipaf2b.txt'
GDPa1-147,False,False,0,0,[WinError 32] The process cannot access the file because it is being used by another process: 'C:\\Users\\sjorg\\AppData\\Local\\Temp\\tmpej_svpks.txt',[WinError 32] The process cannot access the file because it is being used by another process: 'C:\\Users\\sjorg\\AppData\\Local\\Temp\\tmpa02wi77c.txt'
GDPa1-148,False,False,0,0,[WinError 32] The process cannot access the file because it is being used by another process: 'C:\\Users\\sjorg\\AppData\\Local\\Temp\\tmpkjkct2rt.txt',[WinError 32] The process cannot access the file because it is being used by another process: 'C:\\Users\\sjorg\\AppData\\Local\\Temp\\tmpiwqkj0vr.txt'
GDPa1-149,False,False,0,0,[WinError 32] The process cannot access the file because it is being used by another process: 'C:\\Users\\sjorg\\AppData\\Local\\Temp\\tmp7s3ocd75.txt',[WinError 32] The process cannot access the file because it is being used by another process: 'C:\\Users\\sjorg\\AppData\\Local\\Temp\\tmp_0i0dpal.txt'
GDPa1-150,False,False,0,0,[WinError 32] The process cannot access the file because it is being used by another process: 'C:\\Users\\sjorg\\AppData\\Local\\Temp\\tmpmbbat7q_.txt',[WinError 32] The process cannot access the file because it is being used by another process: 'C:\\Users\\sjorg\\AppData\\Local\\Temp\\tmp_ic0nyc0.txt'
GDPa1-151,False,False,0,0,[WinError 32] The process cannot access the file because it is being used by another process: 'C:\\Users\\sjorg\\AppData\\Local\\Temp\\tmpzab6p99m.txt',[WinError 32] The process cannot access the file because it is being used by another process: 'C:\\Users\\sjorg\\AppData\\Local\\Temp\\tmpyw4ugpw4.txt'
GDPa1-152,False,False,0,0,[WinError 32] The process cannot access the file because it is being used by another process: 'C:\\Users\\sjorg\\AppData\\Local\\Temp\\tmpm86md6ym.txt',[WinError 32] The process cannot access the file because it is being used by another process: 'C:\\Users\\sjorg\\AppData\\Local\\Temp\\tmpukedhy24.txt'
GDPa1-153,False,False,0,0,[WinError 32] The process cannot access the file because it is being used by another process: 'C:\\Users\\sjorg\\AppData\\Local\\Temp\\tmpuyz9mcs9.txt',[WinError 32] The process cannot access the file because it is being used by another process: 'C:\\Users\\sjorg\\AppData\\Local\\Temp\\tmp52fadngd.txt'
GDPa1-154,False,False,0,0,[WinError 32] The process cannot access the file because it is being used by another process: 'C:\\Users\\sjorg\\AppData\\Local\\Temp\\tmpugmn4zq9.txt',[WinError 32] The process cannot access the file because it is being used by another process: 'C:\\Users\\sjorg\\AppData\\Local\\Temp\\tmpopqhm208.txt'
GDPa1-155,False,False,0,0,[WinError 32] The process cannot access the file because it is being used by another process: 'C:\\Users\\sjorg\\AppData\\Local\\Temp\\tmpksifo9b6.txt',[WinError 32] The process cannot access the file because it is being used by another process: 'C:\\Users\\sjorg\\AppData\\Local\\Temp\\tmppdkp0cc3.txt'
GDPa1-156,False,False,0,0,[WinError 32] The process cannot access the file because it is being used by another process: 'C:\\Users\\sjorg\\AppData\\Local\\Temp\\tmphh5yri4m.txt',[WinError 32] The process cannot access the file because it is being used by another process: 'C:\\Users\\sjorg\\AppData\\Local\\Temp\\tmp9a9nn4q8.txt'
GDPa1-157,False,False,0,0,[WinError 32] The process cannot access the file because it is being used by another process: 'C:\\Users\\sjorg\\AppData\\Local\\Temp\\tmpldjtk3ir.txt',[WinError 32] The process cannot access the file because it is being used by another process: 'C:\\Users\\sjorg\\AppData\\Local\\Temp\\tmpchttgn7h.txt'
GDPa1-158,False,False,0,0,[WinError 32] The process cannot access the file because it is being used by another process: 'C:\\Users\\sjorg\\AppData\\Local\\Temp\\tmp22f1md7l.txt',[WinError 32] The process cannot access the file because it is being used by another process: 'C:\\Users\\sjorg\\AppData\\Local\\Temp\\tmps0qgg10o.txt'
GDPa1-159,False,False,0,0,[WinError 32] The process cannot access the file because it is being used by another process: 'C:\\Users\\sjorg\\AppData\\Local\\Temp\\tmp3et3xlb_.txt',[WinError 32] The process cannot access the file because it is being used by another process: 'C:\\Users\\sjorg\\AppData\\Local\\Temp\\tmp07dcqq3y.txt'
GDPa1-160,False,False,0,0,[WinError 32] The process cannot access the file because it is being used by another process: 'C:\\Users\\sjorg\\AppData\\Local\\Temp\\tmphj4elgxy.txt',[WinError 32] The process cannot access the file because it is being used by another process: 'C:\\Users\\sjorg\\AppData\\Local\\Temp\\tmp708g72qg.txt'
GDPa1-161,False,False,0,0,[WinError 32] The process cannot access the file because it is being used by another process: 'C:\\Users\\sjorg\\AppData\\Local\\Temp\\tmpwp82ebg3.txt',[WinError 32] The process cannot access the file because it is being used by another process: 'C:\\Users\\sjorg\\AppData\\Local\\Temp\\tmpxdisjxu6.txt'
GDPa1-162,False,False,0,0,[WinError 32] The process cannot access the file because it is being used by another process: 'C:\\Users\\sjorg\\AppData\\Local\\Temp\\tmpauf0jyeb.txt',[WinError 32] The process cannot access the file because it is being used by another process: 'C:\\Users\\sjorg\\AppData\\Local\\Temp\\tmpgmfhgdqb.txt'
GDPa1-163,False,False,0,0,[WinError 32] The process cannot access the file because it is being used by another process: 'C:\\Users\\sjorg\\AppData\\Local\\Temp\\tmpaqum2fe_.txt',[WinError 32] The process cannot access the file because it is being used by another process: 'C:\\Users\\sjorg\\AppData\\Local\\Temp\\tmpgskhv3g9.txt'
GDPa1-164,False,False,0,0,[WinError 32] The process cannot access the file because it is being used by another process: 'C:\\Users\\sjorg\\AppData\\Local\\Temp\\tmp6nnzao2d.txt',[WinError 32] The process cannot access the file because it is being used by another process: 'C:\\Users\\sjorg\\AppData\\Local\\Temp\\tmp9a4o2syc.txt'
GDPa1-165,False,False,0,0,[WinError 32] The process cannot access the file because it is being used by another process: 'C:\\Users\\sjorg\\AppData\\Local\\Temp\\tmpclp5e9dy.txt',[WinError 32] The process cannot access the file because it is being used by another process: 'C:\\Users\\sjorg\\AppData\\Local\\Temp\\tmpisvfapfw.txt'
GDPa1-166,False,False,0,0,[WinError 32] The process cannot access the file because it is being used by another process: 'C:\\Users\\sjorg\\AppData\\Local\\Temp\\tmpiafrhrth.txt',[WinError 32] The process cannot access the file because it is being used by another process: 'C:\\Users\\sjorg\\AppData\\Local\\Temp\\tmp_z59ja2f.txt'
GDPa1-167,False,False,0,0,[WinError 32] The process cannot access the file because it is being used by another process: 'C:\\Users\\sjorg\\AppData\\Local\\Temp\\tmp2olhuzig.txt',[WinError 32] The process cannot access the file because it is being used by another process: 'C:\\Users\\sjorg\\AppData\\Local\\Temp\\tmp1g3dzy0_.txt'
GDPa1-168,False,False,0,0,[WinError 32] The process cannot access the file because it is being used by another process: 'C:\\Users\\sjorg\\AppData\\Local\\Temp\\tmpwld7uwmq.txt',[WinError 32] The process cannot access the file because it is being used by another process: 'C:\\Users\\sjorg\\AppData\\Local\\Temp\\tmptdb6b4m0.txt'
GDPa1-169,False,False,0,0,[WinError 32] The process cannot access the file because it is being used by another process: 'C:\\Users\\sjorg\\AppData\\Local\\Temp\\tmpnah4ntp4.txt',[WinError 32] The process cannot access the file because it is being used by another process: 'C:\\Users\\sjorg\\AppData\\Local\\Temp\\tmp96cwk88t.txt'
GDPa1-170,False,False,0,0,[WinError 32] The process cannot access the file because it is being used by another process: 'C:\\Users\\sjorg\\AppData\\Local\\Temp\\tmp2ei8vcxj.txt',[WinError 32] The process cannot access the file because it is being used by another process: 'C:\\Users\\sjorg\\AppData\\Local\\Temp\\tmpklpj6jpf.txt'
GDPa1-171,False,False,0,0,[WinError 32] The process cannot access the file because it is being used by another process: 'C:\\Users\\sjorg\\AppData\\Local\\Temp\\tmpd8c9cca0.txt',[WinError 32] The process cannot access the file because it is being used by another process: 'C:\\Users\\sjorg\\AppData\\Local\\Temp\\tmpt86cycc2.txt'
GDPa1-172,False,False,0,0,[WinError 32] The process cannot access the file because it is being used by another process: 'C:\\Users\\sjorg\\AppData\\Local\\Temp\\tmphsotlwcs.txt',[WinError 32] The process cannot access the file because it is being used by another process: 'C:\\Users\\sjorg\\AppData\\Local\\Temp\\tmpxb5u9nvi.txt'
GDPa1-173,False,False,0,0,[WinError 32] The process cannot access the file because it is being used by another process: 'C:\\Users\\sjorg\\AppData\\Local\\Temp\\tmpfydz5f_w.txt',[WinError 32] The process cannot access the file because it is being used by another process: 'C:\\Users\\sjorg\\AppData\\Local\\Temp\\tmpst_htf7h.txt'
GDPa1-174,False,False,0,0,[WinError 32] The process cannot access the file because it is being used by another process: 'C:\\Users\\sjorg\\AppData\\Local\\Temp\\tmphl4k04wg.txt',[WinError 32] The process cannot access the file because it is being used by another process: 'C:\\Users\\sjorg\\AppData\\Local\\Temp\\tmpwc8ftnwm.txt'
GDPa1-175,False,False,0,0,[WinError 32] The process cannot access the file because it is being used by another process: 'C:\\Users\\sjorg\\AppData\\Local\\Temp\\tmpmgbucw40.txt',[WinError 32] The process cannot access the file because it is being used by another process: 'C:\\Users\\sjorg\\AppData\\Local\\Temp\\tmp14l2d2ju.txt'
GDPa1-176,False,False,0,0,[WinError 32] The process cannot access the file because it is being used by another process: 'C:\\Users\\sjorg\\AppData\\Local\\Temp\\tmpdw3uctfq.txt',[WinError 32] The process cannot access the file because it is being used by another process: 'C:\\Users\\sjorg\\AppData\\Local\\Temp\\tmpfu1u7b7i.txt'
GDPa1-177,False,False,0,0,[WinError 32] The process cannot access the file because it is being used by another process: 'C:\\Users\\sjorg\\AppData\\Local\\Temp\\tmp3_ha5_1l.txt',[WinError 32] The process cannot access the file because it is being used by another process: 'C:\\Users\\sjorg\\AppData\\Local\\Temp\\tmps0suk6ed.txt'
GDPa1-178,False,False,0,0,[WinError 32] The process cannot access the file because it is being used by another process: 'C:\\Users\\sjorg\\AppData\\Local\\Temp\\tmp3aclp1u5.txt',[WinError 32] The process cannot access the file because it is being used by another process: 'C:\\Users\\sjorg\\AppData\\Local\\Temp\\tmpb04uxr40.txt'
GDPa1-179,False,False,0,0,[WinError 32] The process cannot access the file because it is being used by another process: 'C:\\Users\\sjorg\\AppData\\Local\\Temp\\tmpa24ye7hu.txt',[WinError 32] The process cannot access the file because it is being used by another process: 'C:\\Users\\sjorg\\AppData\\Local\\Temp\\tmpahedfhlr.txt'
GDPa1-180,False,False,0,0,[WinError 32] The process cannot access the file because it is being used by another process: 'C:\\Users\\sjorg\\AppData\\Local\\Temp\\tmp_og3tv0w.txt',[WinError 32] The process cannot access the file because it is being used by another process: 'C:\\Users\\sjorg\\AppData\\Local\\Temp\\tmpkmj0uio5.txt'
GDPa1-181,False,False,0,0,[WinError 32] The process cannot access the file because it is being used by another process: 'C:\\Users\\sjorg\\AppData\\Local\\Temp\\tmp9m74jgch.txt',[WinError 32] The process cannot access the file because it is being used by another process: 'C:\\Users\\sjorg\\AppData\\Local\\Temp\\tmpszi4wbgx.txt'
GDPa1-182,False,False,0,0,[WinError 32] The process cannot access the file because it is being used by another process: 'C:\\Users\\sjorg\\AppData\\Local\\Temp\\tmp0rpxjpoo.txt',[WinError 32] The process cannot access the file because it is being used by another process: 'C:\\Users\\sjorg\\AppData\\Local\\Temp\\tmpp9th1h59.txt'
GDPa1-183,False,False,0,0,[WinError 32] The process cannot access the file because it is being used by another process: 'C:\\Users\\sjorg\\AppData\\Local\\Temp\\tmpk0lt08dr.txt',[WinError 32] The process cannot access the file because it is being used by another process: 'C:\\Users\\sjorg\\AppData\\Local\\Temp\\tmpah9rx4u4.txt'
GDPa1-184,False,False,0,0,[WinError 32] The process cannot access the file because it is being used by another process: 'C:\\Users\\sjorg\\AppData\\Local\\Temp\\tmpx8iv6qeb.txt',[WinError 32] The process cannot access the file because it is being used by another process: 'C:\\Users\\sjorg\\AppData\\Local\\Temp\\tmp2p61q2nk.txt'
GDPa1-185,False,False,0,0,[WinError 32] The process cannot access the file because it is being used by another process: 'C:\\Users\\sjorg\\AppData\\Local\\Temp\\tmp1bhztfgo.txt',[WinError 32] The process cannot access the file because it is being used by another process: 'C:\\Users\\sjorg\\AppData\\Local\\Temp\\tmpzdjthymf.txt'
GDPa1-186,False,False,0,0,[WinError 32] The process cannot access the file because it is being used by another process: 'C:\\Users\\sjorg\\AppData\\Local\\Temp\\tmp613zftfb.txt',[WinError 32] The process cannot access the file because it is being used by another process: 'C:\\Users\\sjorg\\AppData\\Local\\Temp\\tmpikh5ap2x.txt'
GDPa1-187,False,False,0,0,[WinError 32] The process cannot access the file because it is being used by another process: 'C:\\Users\\sjorg\\AppData\\Local\\Temp\\tmp3ee0ahit.txt',[WinError 32] The process cannot access the file because it is being used by another process: 'C:\\Users\\sjorg\\AppData\\Local\\Temp\\tmp7cadel_1.txt'
GDPa1-188,False,False,0,0,[WinError 32] The process cannot access the file because it is being used by another process: 'C:\\Users\\sjorg\\AppData\\Local\\Temp\\tmp8m06mv3c.txt',[WinError 32] The process cannot access the file because it is being used by another process: 'C:\\Users\\sjorg\\AppData\\Local\\Temp\\tmpkeyk7fa6.txt'
GDPa1-189,False,False,0,0,[WinError 32] The process cannot access the file because it is being used by another process: 'C:\\Users\\sjorg\\AppData\\Local\\Temp\\tmp_0wyzwva.txt',[WinError 32] The process cannot access the file because it is being used by another process: 'C:\\Users\\sjorg\\AppData\\Local\\Temp\\tmpfixw2lzq.txt'
GDPa1-190,False,False,0,0,[WinError 32] The process cannot access the file because it is being used by another process: 'C:\\Users\\sjorg\\AppData\\Local\\Temp\\tmpnu7t1gde.txt',[WinError 32] The process cannot access the file because it is being used by another process: 'C:\\Users\\sjorg\\AppData\\Local\\Temp\\tmpj7wopez3.txt'
GDPa1-191,False,False,0,0,[WinError 32] The process cannot access the file because it is being used by another process: 'C:\\Users\\sjorg\\AppData\\Local\\Temp\\tmpnwz0w6oe.txt',[WinError 32] The process cannot access the file because it is being used by another process: 'C:\\Users\\sjorg\\AppData\\Local\\Temp\\tmp2qyxlsz_.txt'
GDPa1-192,False,False,0,0,[WinError 32] The process cannot access the file because it is being used by another process: 'C:\\Users\\sjorg\\AppData\\Local\\Temp\\tmp5kxp60y2.txt',[WinError 32] The process cannot access the file because it is being used by another process: 'C:\\Users\\sjorg\\AppData\\Local\\Temp\\tmp_r7m1jwu.txt'
GDPa1-193,False,False,0,0,[WinError 32] The process cannot access the file because it is being used by another process: 'C:\\Users\\sjorg\\AppData\\Local\\Temp\\tmpg0uvz72a.txt',[WinError 32] The process cannot access the file because it is being used by another process: 'C:\\Users\\sjorg\\AppData\\Local\\Temp\\tmp01_4hbm0.txt'
GDPa1-194,False,False,0,0,[WinError 32] The process cannot access the file because it is being used by another process: 'C:\\Users\\sjorg\\AppData\\Local\\Temp\\tmpemckkiia.txt',[WinError 32] The process cannot access the file because it is being used by another process: 'C:\\Users\\sjorg\\AppData\\Local\\Temp\\tmprdz1hbca.txt'
GDPa1-195,False,False,0,0,[WinError 32] The process cannot access the file because it is being used by another process: 'C:\\Users\\sjorg\\AppData\\Local\\Temp\\tmp8fv5zkky.txt',[WinError 32] The process cannot access the file because it is being used by another process: 'C:\\Users\\sjorg\\AppData\\Local\\Temp\\tmpm4ifh8lp.txt'
GDPa1-196,False,False,0,0,[WinError 32] The process cannot access the file because it is being used by another process: 'C:\\Users\\sjorg\\AppData\\Local\\Temp\\tmprv7509as.txt',[WinError 32] The process cannot access the file because it is being used by another process: 'C:\\Users\\sjorg\\AppData\\Local\\Temp\\tmp2e8nrz6t.txt'
GDPa1-197,False,False,0,0,[WinError 32] The process cannot access the file because it is being used by another process: 'C:\\Users\\sjorg\\AppData\\Local\\Temp\\tmptcni18aa.txt',[WinError 32] The process cannot access the file because it is being used by another process: 'C:\\Users\\sjorg\\AppData\\Local\\Temp\\tmpntdq6me8.txt'
GDPa1-198,False,False,0,0,[WinError 32] The process cannot access the file because it is being used by another process: 'C:\\Users\\sjorg\\AppData\\Local\\Temp\\tmp188_fxd1.txt',[WinError 32] The process cannot access the file because it is being used by another process: 'C:\\Users\\sjorg\\AppData\\Local\\Temp\\tmpurgtdao0.txt'
GDPa1-199,False,False,0,0,[WinError 32] The process cannot access the file because it is being used by another process: 'C:\\Users\\sjorg\\AppData\\Local\\Temp\\tmpsl2oj8n9.txt',[WinError 32] The process cannot access the file because it is being used by another process: 'C:\\Users\\sjorg\\AppData\\Local\\Temp\\tmpbmiw1q5l.txt'
GDPa1-200,False,False,0,0,[WinError 32] The process cannot access the file because it is being used by another process: 'C:\\Users\\sjorg\\AppData\\Local\\Temp\\tmpwmskgikr.txt',[WinError 32] The process cannot access the file because it is being used by another process: 'C:\\Users\\sjorg\\AppData\\Local\\Temp\\tmp3s3mg2e2.txt'
GDPa1-201,False,False,0,0,[WinError 32] The process cannot access the file because it is being used by another process: 'C:\\Users\\sjorg\\AppData\\Local\\Temp\\tmpw69qm7xm.txt',[WinError 32] The process cannot access the file because it is being used by another process: 'C:\\Users\\sjorg\\AppData\\Local\\Temp\\tmpw5d8list.txt'
GDPa1-202,False,False,0,0,[WinError 32] The process cannot access the file because it is being used by another process: 'C:\\Users\\sjorg\\AppData\\Local\\Temp\\tmpb6ye5ubt.txt',[WinError 32] The process cannot access the file because it is being used by another process: 'C:\\Users\\sjorg\\AppData\\Local\\Temp\\tmpc7sli_o4.txt'
GDPa1-203,False,False,0,0,[WinError 32] The process cannot access the file because it is being used by another process: 'C:\\Users\\sjorg\\AppData\\Local\\Temp\\tmpkh6njhge.txt',[WinError 32] The process cannot access the file because it is being used by another process: 'C:\\Users\\sjorg\\AppData\\Local\\Temp\\tmpyxoqhpsb.txt'
GDPa1-204,False,False,0,0,[WinError 32] The process cannot access the file because it is being used by another process: 'C:\\Users\\sjorg\\AppData\\Local\\Temp\\tmp0c2yq944.txt',[WinError 32] The process cannot access the file because it is being used by another process: 'C:\\Users\\sjorg\\AppData\\Local\\Temp\\tmpi9gw4alq.txt'
GDPa1-205,False,False,0,0,[WinError 32] The process cannot access the file because it is being used by another process: 'C:\\Users\\sjorg\\AppData\\Local\\Temp\\tmpih54qhwo.txt',[WinError 32] The process cannot access the file because it is being used by another process: 'C:\\Users\\sjorg\\AppData\\Local\\Temp\\tmpshp5txtn.txt'
GDPa1-206,False,False,0,0,[WinError 32] The process cannot access the file because it is being used by another process: 'C:\\Users\\sjorg\\AppData\\Local\\Temp\\tmpbe3yeyug.txt',[WinError 32] The process cannot access the file because it is being used by another process: 'C:\\Users\\sjorg\\AppData\\Local\\Temp\\tmpfjh8c2zt.txt'
GDPa1-207,False,False,0,0,[WinError 32] The process cannot access the file because it is being used by another process: 'C:\\Users\\sjorg\\AppData\\Local\\Temp\\tmp7escq79r.txt',[WinError 32] The process cannot access the file because it is being used by another process: 'C:\\Users\\sjorg\\AppData\\Local\\Temp\\tmpw9s0qsns.txt'
GDPa1-208,False,False,0,0,[WinError 32] The process cannot access the file because it is being used by another process: 'C:\\Users\\sjorg\\AppData\\Local\\Temp\\tmp17we1jqm.txt',[WinError 32] The process cannot access the file because it is being used by another process: 'C:\\Users\\sjorg\\AppData\\Local\\Temp\\tmpwend72a3.txt'
GDPa1-209,False,False,0,0,[WinError 32] The process cannot access the file because it is being used by another process: 'C:\\Users\\sjorg\\AppData\\Local\\Temp\\tmp7r0uauth.txt',[WinError 32] The process cannot access the file because it is being used by another process: 'C:\\Users\\sjorg\\AppData\\Local\\Temp\\tmpswsjgyx7.txt'
GDPa1-210,False,False,0,0,[WinError 32] The process cannot access the file because it is being used by another process: 'C:\\Users\\sjorg\\AppData\\Local\\Temp\\tmp1ly4_vap.txt',[WinError 32] The process cannot access the file because it is being used by another process: 'C:\\Users\\sjorg\\AppData\\Local\\Temp\\tmp6wp67fz2.txt'
GDPa1-211,False,False,0,0,[WinError 32] The process cannot access the file because it is being used by another process: 'C:\\Users\\sjorg\\AppData\\Local\\Temp\\tmps5fir4mr.txt',[WinError 32] The process cannot access the file because it is being used by another process: 'C:\\Users\\sjorg\\AppData\\Local\\Temp\\tmp3k855ole.txt'
GDPa1-212,False,False,0,0,[WinError 32] The process cannot access the file because it is being used by another process: 'C:\\Users\\sjorg\\AppData\\Local\\Temp\\tmp99743qwo.txt',[WinError 32] The process cannot access the file because it is being used by another process: 'C:\\Users\\sjorg\\AppData\\Local\\Temp\\tmpmpzgvhzi.txt'
GDPa1-213,False,False,0,0,[WinError 32] The process cannot access the file because it is being used by another process: 'C:\\Users\\sjorg\\AppData\\Local\\Temp\\tmp13ero76x.txt',[WinError 32] The process cannot access the file because it is being used by another process: 'C:\\Users\\sjorg\\AppData\\Local\\Temp\\tmpu8idsah1.txt'
GDPa1-214,False,False,0,0,[WinError 32] The process cannot access the file because it is being used by another process: 'C:\\Users\\sjorg\\AppData\\Local\\Temp\\tmp59s8xmpy.txt',[WinError 32] The process cannot access the file because it is being used by another process: 'C:\\Users\\sjorg\\AppData\\Local\\Temp\\tmpv3gld_5h.txt'
GDPa1-215,False,False,0,0,[WinError 32] The process cannot access the file because it is being used by another process: 'C:\\Users\\sjorg\\AppData\\Local\\Temp\\tmpbsmvslo9.txt',[WinError 32] The process cannot access the file because it is being used by another process: 'C:\\Users\\sjorg\\AppData\\Local\\Temp\\tmpc0gvq89d.txt'
GDPa1-216,False,False,0,0,[WinError 32] The process cannot access the file because it is being used by another process: 'C:\\Users\\sjorg\\AppData\\Local\\Temp\\tmpx8r172zz.txt',[WinError 32] The process cannot access the file because it is being used by another process: 'C:\\Users\\sjorg\\AppData\\Local\\Temp\\tmp4ignmda8.txt'
GDPa1-217,False,False,0,0,[WinError 32] The process cannot access the file because it is being used by another process: 'C:\\Users\\sjorg\\AppData\\Local\\Temp\\tmpc596y5wu.txt',[WinError 32] The process cannot access the file because it is being used by another process: 'C:\\Users\\sjorg\\AppData\\Local\\Temp\\tmpbnrbrrvp.txt'
GDPa1-218,False,False,0,0,[WinError 32] The process cannot access the file because it is being used by another process: 'C:\\Users\\sjorg\\AppData\\Local\\Temp\\tmp9z8izsas.txt',[WinError 32] The process cannot access the file because it is being used by another process: 'C:\\Users\\sjorg\\AppData\\Local\\Temp\\tmpbia8u4fr.txt'
GDPa1-219,False,False,0,0,[WinError 32] The process cannot access the file because it is being used by another process: 'C:\\Users\\sjorg\\AppData\\Local\\Temp\\tmpifjxs3i8.txt',[WinError 32] The process cannot access the file because it is being used by another process: 'C:\\Users\\sjorg\\AppData\\Local\\Temp\\tmpsetckkn3.txt'
GDPa1-220,False,False,0,0,[WinError 32] The process cannot access the file because it is being used by another process: 'C:\\Users\\sjorg\\AppData\\Local\\Temp\\tmp3fhawp72.txt',[WinError 32] The process cannot access the file because it is being used by another process: 'C:\\Users\\sjorg\\AppData\\Local\\Temp\\tmpuw4jrz7s.txt'
GDPa1-221,False,False,0,0,[WinError 32] The process cannot access the file because it is being used by another process: 'C:\\Users\\sjorg\\AppData\\Local\\Temp\\tmpa_wnr0r1.txt',[WinError 32] The process cannot access the file because it is being used by another process: 'C:\\Users\\sjorg\\AppData\\Local\\Temp\\tmp2jbaq1ye.txt'
GDPa1-222,False,False,0,0,[WinError 32] The process cannot access the file because it is being used by another process: 'C:\\Users\\sjorg\\AppData\\Local\\Temp\\tmpqaiy9vdy.txt',[WinError 32] The process cannot access the file because it is being used by another process: 'C:\\Users\\sjorg\\AppData\\Local\\Temp\\tmp7idh844f.txt'
GDPa1-223,False,False,0,0,[WinError 32] The process cannot access the file because it is being used by another process: 'C:\\Users\\sjorg\\AppData\\Local\\Temp\\tmp_0o3ehm6.txt',[WinError 32] The process cannot access the file because it is being used by another process: 'C:\\Users\\sjorg\\AppData\\Local\\Temp\\tmpugl7lzxc.txt'
GDPa1-224,False,False,0,0,[WinError 32] The process cannot access the file because it is being used by another process: 'C:\\Users\\sjorg\\AppData\\Local\\Temp\\tmptgxn2am4.txt',[WinError 32] The process cannot access the file because it is being used by another process: 'C:\\Users\\sjorg\\AppData\\Local\\Temp\\tmp1jh9ytv9.txt'
GDPa1-225,False,False,0,0,[WinError 32] The process cannot access the file because it is being used by another process: 'C:\\Users\\sjorg\\AppData\\Local\\Temp\\tmpinq48wn0.txt',[WinError 32] The process cannot access the file because it is being used by another process: 'C:\\Users\\sjorg\\AppData\\Local\\Temp\\tmppiyij04i.txt'
GDPa1-226,False,False,0,0,[WinError 32] The process cannot access the file because it is being used by another process: 'C:\\Users\\sjorg\\AppData\\Local\\Temp\\tmp5fr92pyh.txt',[WinError 32] The process cannot access the file because it is being used by another process: 'C:\\Users\\sjorg\\AppData\\Local\\Temp\\tmp9rw39ppe.txt'
GDPa1-227,False,False,0,0,[WinError 32] The process cannot access the file because it is being used by another process: 'C:\\Users\\sjorg\\AppData\\Local\\Temp\\tmpsobeki3q.txt',[WinError 32] The process cannot access the file because it is being used by another process: 'C:\\Users\\sjorg\\AppData\\Local\\Temp\\tmp6zecyppr.txt'
GDPa1-228,False,False,0,0,[WinError 32] The process cannot access the file because it is being used by another process: 'C:\\Users\\sjorg\\AppData\\Local\\Temp\\tmp215qjpr6.txt',[WinError 32] The process cannot access the file because it is being used by another process: 'C:\\Users\\sjorg\\AppData\\Local\\Temp\\tmpuwe337du.txt'
GDPa1-229,False,False,0,0,[WinError 32] The process cannot access the file because it is being used by another process: 'C:\\Users\\sjorg\\AppData\\Local\\Temp\\tmplodgqsyv.txt',[WinError 32] The process cannot access the file because it is being used by another process: 'C:\\Users\\sjorg\\AppData\\Local\\Temp\\tmp3k75nsij.txt'
GDPa1-230,False,False,0,0,[WinError 32] The process cannot access the file because it is being used by another process: 'C:\\Users\\sjorg\\AppData\\Local\\Temp\\tmp01smkuxo.txt',[WinError 32] The process cannot access the file because it is being used by another process: 'C:\\Users\\sjorg\\AppData\\Local\\Temp\\tmp70gxyex4.txt'
GDPa1-231,False,False,0,0,[WinError 32] The process cannot access the file because it is being used by another process: 'C:\\Users\\sjorg\\AppData\\Local\\Temp\\tmpj1v1l2v9.txt',[WinError 32] The process cannot access the file because it is being used by another process: 'C:\\Users\\sjorg\\AppData\\Local\\Temp\\tmp_llp86sm.txt'
GDPa1-232,False,False,0,0,[WinError 32] The process cannot access the file because it is being used by another process: 'C:\\Users\\sjorg\\AppData\\Local\\Temp\\tmpoinw0b9a.txt',[WinError 32] The process cannot access the file because it is being used by another process: 'C:\\Users\\sjorg\\AppData\\Local\\Temp\\tmps_mbwxx_.txt'
GDPa1-233,False,False,0,0,[WinError 32] The process cannot access the file because it is being used by another process: 'C:\\Users\\sjorg\\AppData\\Local\\Temp\\tmpefbmq0yb.txt',[WinError 32] The process cannot access the file because it is being used by another process: 'C:\\Users\\sjorg\\AppData\\Local\\Temp\\tmp_b8dr6vr.txt'
GDPa1-234,False,False,0,0,[WinError 32] The process cannot access the file because it is being used by another process: 'C:\\Users\\sjorg\\AppData\\Local\\Temp\\tmpilonxm06.txt',[WinError 32] The process cannot access the file because it is being used by another process: 'C:\\Users\\sjorg\\AppData\\Local\\Temp\\tmp9tcwvyzi.txt'
GDPa1-235,False,False,0,0,[WinError 32] The process cannot access the file because it is being used by another process: 'C:\\Users\\sjorg\\AppData\\Local\\Temp\\tmptkvyjpcm.txt',[WinError 32] The process cannot access the file because it is being used by another process: 'C:\\Users\\sjorg\\AppData\\Local\\Temp\\tmpktzdr0d3.txt'
GDPa1-236,False,False,0,0,[WinError 32] The process cannot access the file because it is being used by another process: 'C:\\Users\\sjorg\\AppData\\Local\\Temp\\tmpmj3siw25.txt',[WinError 32] The process cannot access the file because it is being used by another process: 'C:\\Users\\sjorg\\AppData\\Local\\Temp\\tmpe4p4d7tv.txt'
GDPa1-237,False,False,0,0,[WinError 32] The process cannot access the file because it is being used by another process: 'C:\\Users\\sjorg\\AppData\\Local\\Temp\\tmp4foanp8r.txt',[WinError 32] The process cannot access the file because it is being used by another process: 'C:\\Users\\sjorg\\AppData\\Local\\Temp\\tmpfj3t80vz.txt'
GDPa1-238,False,False,0,0,[WinError 32] The process cannot access the file because it is being used by another process: 'C:\\Users\\sjorg\\AppData\\Local\\Temp\\tmp3geozwwi.txt',[WinError 32] The process cannot access the file because it is being used by another process: 'C:\\Users\\sjorg\\AppData\\Local\\Temp\\tmp_2tngjtd.txt'
GDPa1-239,False,False,0,0,[WinError 32] The process cannot access the file because it is being used by another process: 'C:\\Users\\sjorg\\AppData\\Local\\Temp\\tmpq81vqtsy.txt',[WinError 32] The process cannot access the file because it is being used by another process: 'C:\\Users\\sjorg\\AppData\\Local\\Temp\\tmpxdiolamo.txt'
GDPa1-240,False,False,0,0,[WinError 32] The process cannot access the file because it is being used by another process: 'C:\\Users\\sjorg\\AppData\\Local\\Temp\\tmpz08yyu73.txt',[WinError 32] The process cannot access the file because it is being used by another process: 'C:\\Users\\sjorg\\AppData\\Local\\Temp\\tmp6cgtr8xi.txt'
GDPa1-241,False,False,0,0,[WinError 32] The process cannot access the file because it is being used by another process: 'C:\\Users\\sjorg\\AppData\\Local\\Temp\\tmpn0ugi_uf.txt',[WinError 32] The process cannot access the file because it is being used by another process: 'C:\\Users\\sjorg\\AppData\\Local\\Temp\\tmp446qa8l9.txt'
GDPa1-242,False,False,0,0,[WinError 32] The process cannot access the file because it is being used by another process: 'C:\\Users\\sjorg\\AppData\\Local\\Temp\\tmpojgdarmg.txt',[WinError 32] The process cannot access the file because it is being used by another process: 'C:\\Users\\sjorg\\AppData\\Local\\Temp\\tmpwjund19o.txt'
GDPa1-243,False,False,0,0,[WinError 32] The process cannot access the file because it is being used by another process: 'C:\\Users\\sjorg\\AppData\\Local\\Temp\\tmpp4cp8rcm.txt',[WinError 32] The process cannot access the file because it is being used by another process: 'C:\\Users\\sjorg\\AppData\\Local\\Temp\\tmplbetd9zs.txt'
GDPa1-244,False,False,0,0,[WinError 32] The process cannot access the file because it is being used by another process: 'C:\\Users\\sjorg\\AppData\\Local\\Temp\\tmpocxrd2ar.txt',[WinError 32] The process cannot access the file because it is being used by another process: 'C:\\Users\\sjorg\\AppData\\Local\\Temp\\tmpxsnsutxj.txt'
GDPa1-245,False,False,0,0,[WinError 32] The process cannot access the file because it is being used by another process: 'C:\\Users\\sjorg\\AppData\\Local\\Temp\\tmp1mbngxid.txt',[WinError 32] The process cannot access the file because it is being used by another process: 'C:\\Users\\sjorg\\AppData\\Local\\Temp\\tmpvd7a91sq.txt'
GDPa1-246,False,False,0,0,[WinError 32] The process cannot access the file because it is being used by another process: 'C:\\Users\\sjorg\\AppData\\Local\\Temp\\tmpgojys48w.txt',[WinError 32] The process cannot access the file because it is being used by another process: 'C:\\Users\\sjorg\\AppData\\Local\\Temp\\tmp8vvmkdw7.txt'
